video_id,quality,rendition,type,width,height,public_name,fps,size,size_short,link,created_at
875879616,sd,240p,video/mp4,426,240,240p,30,22738699,21.69MB,https://player.vimeo.com/progressive_redirect/playback/875879616/rendition/240p/file.mp4?loc=external&oauth2_token_id=1643955558&signature=99b9705c8322b825fd561522beeb4c000d949eb43cc2ea9210b5d772e24b1498,2023-10-19T07:47:28+00:00
875879616,sd,360p,video/mp4,640,360,360p,30,27330616,26.06MB,https://player.vimeo.com/progressive_redirect/playback/875879616/rendition/360p/file.mp4?loc=external&oauth2_token_id=1643955558&signature=411ba4ef3083279adb55d4384b2c88fdb866d084ac674a73920b1a96959f1428,2023-10-19T07:48:12+00:00
875879616,sd,540p,video/mp4,960,540,540p,30,35161459,33.53MB,https://player.vimeo.com/progressive_redirect/playback/875879616/rendition/540p/file.mp4?loc=external&oauth2_token_id=1643955558&signature=0433605540e840176dc5cb4bf9ed8a9772bd00a3bb33a030c5abc27233a080b1,2023-10-19T07:47:48+00:00
875879616,hd,720p,video/mp4,1280,720,720p,30,41302342,39.39MB,https://player.vimeo.com/progressive_redirect/playback/875879616/rendition/720p/file.mp4?loc=external&oauth2_token_id=1643955558&signature=0604a735ae9bc8115a68e0daa4de36b55a8d76ba1f9badfc83b639afb8de4f21,2023-10-19T07:47:55+00:00
875879616,hls,adaptive,video/mp4,,,240p,30,22738699,21.69MB,https://player.vimeo.com/external/875879616.m3u8?s=31f13b5e76d69c5389523981ff1b08a5269fd804&oauth2_token_id=1643955558,2023-10-19T07:47:28+00:00
875172731,sd,360p,video/mp4,640,360,360p,30,123072027,117.37MB,https://player.vimeo.com/progressive_redirect/playback/875172731/rendition/360p/file.mp4?loc=external&oauth2_token_id=1643955558&signature=af4a50fd2ec0c5c9e91a44a904cd47bc94737738bdb80014f264758794ced62f,2023-10-17T14:16:53+00:00
875172731,sd,540p,video/mp4,960,540,540p,30,253509674,241.77MB,https://player.vimeo.com/progressive_redirect/playback/875172731/rendition/540p/file.mp4?loc=external&oauth2_token_id=1643955558&signature=2eab861c61d04a5ad24e9b81ad3b2d2430639a4aea8497e0cbaa31818ff3b841,2023-10-17T14:16:54+00:00
875172731,sd,240p,video/mp4,426,240,240p,30,65759694,62.71MB,https://player.vimeo.com/progressive_redirect/playback/875172731/rendition/240p/file.mp4?loc=external&oauth2_token_id=1643955558&signature=364ae0785a597ed8f98a56445049619ce4b1a8d8dfbfdd5352f01659548df32d,2023-10-17T14:16:54+00:00
875172731,hd,720p,video/mp4,1280,720,720p,30,335180320,319.65MB,https://player.vimeo.com/progressive_redirect/playback/875172731/rendition/720p/file.mp4?loc=external&oauth2_token_id=1643955558&signature=d281da5142b6e602929e6b1196d0ac24c0a0e503a0b4167fa85ca479e3b10c49,2023-10-17T14:17:00+00:00
875172731,hls,adaptive,video/mp4,,,360p,30,123072027,117.37MB,https://player.vimeo.com/external/875172731.m3u8?s=10c7e255f650bf557dec78be7c6f2a11b57857bd&oauth2_token_id=1643955558,2023-10-17T14:16:53+00:00
875199133,sd,240p,video/mp4,426,240,240p,30,166614380,158.9MB,https://player.vimeo.com/progressive_redirect/playback/875199133/rendition/240p/file.mp4?loc=external&oauth2_token_id=1643955558&signature=b8e9d8634e8eea064330ebf77c8aed7f0397a8378bcc1ceba3ad2e7c0d58d56a,2023-10-17T16:04:21+00:00
875199133,sd,540p,video/mp4,960,540,540p,30,633065534,603.74MB,https://player.vimeo.com/progressive_redirect/playback/875199133/rendition/540p/file.mp4?loc=external&oauth2_token_id=1643955558&signature=1daac55aac328d3307a37eccdaef67690b562994bb6cf8a1e12df70a06efb247,2023-10-17T16:04:33+00:00
875199133,hd,720p,video/mp4,1280,720,720p,30,885372907,844.36MB,https://player.vimeo.com/progressive_redirect/playback/875199133/rendition/720p/file.mp4?loc=external&oauth2_token_id=1643955558&signature=5a2bbbdab6ca3ede661be0468f9eb10e1d7e99b7e163b642e7e63c47823d0050,2023-10-17T16:04:31+00:00
875199133,sd,360p,video/mp4,640,360,360p,30,303365626,289.31MB,https://player.vimeo.com/progressive_redirect/playback/875199133/rendition/360p/file.mp4?loc=external&oauth2_token_id=1643955558&signature=a5dc1ee113af4dcbf0cd9e09869b3336c8af7beea0bd23429c709456cc0baaff,2023-10-17T16:04:32+00:00
875199133,hd,1080p,video/mp4,1920,1080,1080p,30,1313345633,1.22GB,https://player.vimeo.com/progressive_redirect/playback/875199133/rendition/1080p/file.mp4?loc=external&oauth2_token_id=1643955558&signature=d04398543068dfabe54ed5012db8f7d433fa1b8bb4f792386d328aba63f5f28f,2023-10-17T16:04:56+00:00
875199133,hls,adaptive,video/mp4,,,240p,30,166614380,158.9MB,https://player.vimeo.com/external/875199133.m3u8?s=390ddd7b565883f7eeb558ffb6cfc41ce15ccb6f&oauth2_token_id=1643955558,2023-10-17T16:04:21+00:00
875974579,sd,240p,video/mp4,426,240,240p,30,18216610,17.37MB,https://player.vimeo.com/progressive_redirect/playback/875974579/rendition/240p/file.mp4?loc=external&oauth2_token_id=1643955558&signature=f863d51b69be929543573a3d376a18c014dca7ce4d307d25fe0159c1b3002cca,2023-10-19T13:14:07+00:00
875974579,sd,540p,video/mp4,960,540,540p,30,26588409,25.36MB,https://player.vimeo.com/progressive_redirect/playback/875974579/rendition/540p/file.mp4?loc=external&oauth2_token_id=1643955558&signature=5df98781d1dfccdf565800f841c3de1860534460a3cc5d72429bd8dcbdee0201,2023-10-19T13:15:24+00:00
875974579,sd,360p,video/mp4,640,360,360p,30,21312562,20.33MB,https://player.vimeo.com/progressive_redirect/playback/875974579/rendition/360p/file.mp4?loc=external&oauth2_token_id=1643955558&signature=4c32d63c9be5464c038065fc9750a69e9f517ff8303ce46b0ec4e172972dd6d8,2023-10-19T13:14:02+00:00
875974579,hd,720p,video/mp4,1280,720,720p,30,30812340,29.38MB,https://player.vimeo.com/progressive_redirect/playback/875974579/rendition/720p/file.mp4?loc=external&oauth2_token_id=1643955558&signature=268be3bc517841e2c27f78bab43fef03e098b5208cec8a6f21a19f952e0c4046,2023-10-19T13:14:51+00:00
875974579,hls,adaptive,video/mp4,,,240p,30,18216610,17.37MB,https://player.vimeo.com/external/875974579.m3u8?s=d1dd9386b0109f450d0adf1a554767e44ea1ca08&oauth2_token_id=1643955558,2023-10-19T13:14:07+00:00
875970203,sd,360p,video/mp4,640,360,360p,30,318586334,303.83MB,https://player.vimeo.com/progressive_redirect/playback/875970203/rendition/360p/file.mp4?loc=external&oauth2_token_id=1643955558&signature=54d26eb0665ac61f7e2704b4f53ba6323c50beb9df2211a1bd73dc2ce0175248,2023-10-19T14:40:23+00:00
875970203,sd,540p,video/mp4,960,540,540p,30,884002948,843.05MB,https://player.vimeo.com/progressive_redirect/playback/875970203/rendition/540p/file.mp4?loc=external&oauth2_token_id=1643955558&signature=7591858219ed3120bc2bd2c2c606cbc58031c1a8cf8bfb720ae557bc5361a6cf,2023-10-19T14:40:23+00:00
875970203,sd,240p,video/mp4,426,240,240p,30,181308162,172.91MB,https://player.vimeo.com/progressive_redirect/playback/875970203/rendition/240p/file.mp4?loc=external&oauth2_token_id=1643955558&signature=7b5e3db130c0fd968904052f4be8a294cacc653af8b39be99202c606c043b889,2023-10-19T14:40:18+00:00
875970203,hd,720p,video/mp4,1280,720,720p,30,1380820172,1.29GB,https://player.vimeo.com/progressive_redirect/playback/875970203/rendition/720p/file.mp4?loc=external&oauth2_token_id=1643955558&signature=7f3947c500cfb2e5835a7fb428dc214661907ae915432f9fa12d29fdced4682c,2023-10-19T14:40:49+00:00
875970203,hls,adaptive,video/mp4,,,360p,30,318586334,303.83MB,https://player.vimeo.com/external/875970203.m3u8?s=de87ccc1017c8b7e52a5b0c0381c6fbca84fa4de&oauth2_token_id=1643955558,2023-10-19T14:40:23+00:00
876649959,sd,240p,video/mp4,426,240,240p,30,259459834,247.44MB,https://player.vimeo.com/progressive_redirect/playback/876649959/rendition/240p/file.mp4?loc=external&oauth2_token_id=1643955558&signature=df352d157db286b130b2f1c3d460a4e57142dbfbd9a67480a9e111577bec82a5,2023-10-21T15:08:01+00:00
876649959,sd,540p,video/mp4,960,540,540p,30,1264986965,1.18GB,https://player.vimeo.com/progressive_redirect/playback/876649959/rendition/540p/file.mp4?loc=external&oauth2_token_id=1643955558&signature=3e180501760e45b34af98eae1175f62f06b4cc7d09a73dd3081a10c2706ed321,2023-10-21T15:08:10+00:00
876649959,hd,720p,video/mp4,1280,720,720p,30,1973619121,1.84GB,https://player.vimeo.com/progressive_redirect/playback/876649959/rendition/720p/file.mp4?loc=external&oauth2_token_id=1643955558&signature=8e3ba1fce70699f61e1e65a25f588411c18f1cdbda7af1a6231dcde4c4eaf915,2023-10-21T15:08:43+00:00
876649959,sd,360p,video/mp4,640,360,360p,30,455875109,434.76MB,https://player.vimeo.com/progressive_redirect/playback/876649959/rendition/360p/file.mp4?loc=external&oauth2_token_id=1643955558&signature=9ab913ebbdc77c9ed787b0b3be006f1f6039eb3e72000370647b32ff4052d442,2023-10-21T15:08:03+00:00
876649959,hls,adaptive,video/mp4,,,240p,30,259459834,247.44MB,https://player.vimeo.com/external/876649959.m3u8?s=46c8ce6f3c4c0daf3bb205640ed2a1f4e73353c1&oauth2_token_id=1643955558,2023-10-21T15:08:01+00:00
876843379,sd,240p,video/mp4,426,240,240p,30,225467764,215.02MB,https://player.vimeo.com/progressive_redirect/playback/876843379/rendition/240p/file.mp4?loc=external&oauth2_token_id=1643955558&signature=6e97805192c3737f069e471b4ec8c9cfe7eaa10aa059e97e61c3fb030950ae6e,2023-10-22T15:43:57+00:00
876843379,source,source,video/mp4,1920,1080,source,29.999335635531402,6569592343,6.12GB,https://player.vimeo.com/progressive_redirect/playback/876843379/rendition/source/file.mp4?loc=external&oauth2_token_id=1643955558&signature=398052d6823e566f514e1162645b49adbb503c2aaa93e61d16a96a9b9c2d82a1,2023-10-22T15:36:39+00:00
876843379,hd,1080p,video/mp4,1920,1080,1080p,30,1653881722,1.54GB,https://player.vimeo.com/progressive_redirect/playback/876843379/rendition/1080p/file.mp4?loc=external&oauth2_token_id=1643955558&signature=b0e0de11ebe2ab7923c6fdcb0b23150df1554fea73021c620e4980fa907bea9f,2023-10-22T15:45:57+00:00
876843379,sd,540p,video/mp4,960,540,540p,30,605311898,577.27MB,https://player.vimeo.com/progressive_redirect/playback/876843379/rendition/540p/file.mp4?loc=external&oauth2_token_id=1643955558&signature=32f10f3d6fe7f0ce81d4347dfe393bf11c3a7d9ec8bee46c1a4b6df391a44b32,2023-10-22T15:43:20+00:00
876843379,sd,360p,video/mp4,640,360,360p,30,356853394,340.32MB,https://player.vimeo.com/progressive_redirect/playback/876843379/rendition/360p/file.mp4?loc=external&oauth2_token_id=1643955558&signature=2c2b2d491f73dbe574bab6fbfee5fdb192296dd37d2d8cff8fb718b97c39ee66,2023-10-22T15:43:17+00:00
876843379,hd,720p,video/mp4,1280,720,720p,30,863285805,823.29MB,https://player.vimeo.com/progressive_redirect/playback/876843379/rendition/720p/file.mp4?loc=external&oauth2_token_id=1643955558&signature=cdcfdb9a53b4fa08fd5fd6493114af1805079cf447781373dc5472f0ec8cb45b,2023-10-22T15:45:44+00:00
876843379,hls,adaptive,video/mp4,,,240p,30,225467764,215.02MB,https://player.vimeo.com/external/876843379.m3u8?s=ffada5bd96fbf3c49a0d0c89da7f96c3d958c249&oauth2_token_id=1643955558,2023-10-22T15:43:57+00:00
876999010,sd,540p,video/mp4,960,540,540p,30,35113183,33.49MB,https://player.vimeo.com/progressive_redirect/playback/876999010/rendition/540p/file.mp4?loc=external&oauth2_token_id=1643955558&signature=bb86d166a814377445f8608dd0dc8577b23651419ab47cc592e09b14f76e802a,2023-10-23T05:25:05+00:00
876999010,sd,360p,video/mp4,640,360,360p,30,27000110,25.75MB,https://player.vimeo.com/progressive_redirect/playback/876999010/rendition/360p/file.mp4?loc=external&oauth2_token_id=1643955558&signature=0b8fb786733014068dc708870718b5ce63f55b32b95a7ecad95c90563e2975e6,2023-10-23T05:24:36+00:00
876999010,sd,240p,video/mp4,426,240,240p,30,22464703,21.42MB,https://player.vimeo.com/progressive_redirect/playback/876999010/rendition/240p/file.mp4?loc=external&oauth2_token_id=1643955558&signature=653f4cabb4395277dd2732bd980eb687c762a564f310c21fc117872e2da200b8,2023-10-23T05:24:33+00:00
876999010,hd,720p,video/mp4,1280,720,720p,30,41853285,39.91MB,https://player.vimeo.com/progressive_redirect/playback/876999010/rendition/720p/file.mp4?loc=external&oauth2_token_id=1643955558&signature=cc3722b269dc56a4f74d44676558f064ce4d9f1955f1cc4b43c13855bbbd3770,2023-10-23T05:24:08+00:00
876999010,hls,adaptive,video/mp4,,,540p,30,35113183,33.49MB,https://player.vimeo.com/external/876999010.m3u8?s=0d52fb96f74d2e5e43284f7d5dd45d6d7aea765c&oauth2_token_id=1643955558,2023-10-23T05:25:05+00:00
877133745,sd,240p,video/mp4,426,240,240p,30,260922633,248.84MB,https://player.vimeo.com/progressive_redirect/playback/877133745/rendition/240p/file.mp4?loc=external&oauth2_token_id=1643955558&signature=c28262be18167fac472bf64309a9840d64294d0f24f7ce91d0eb776350d251b5,2023-10-23T16:55:10+00:00
877133745,hd,1080p,video/mp4,1920,1080,1080p,30,2151043035,2GB,https://player.vimeo.com/progressive_redirect/playback/877133745/rendition/1080p/file.mp4?loc=external&oauth2_token_id=1643955558&signature=cd9913ff9c0632559a299510db71e2065a27f50943e3da581a6a261927e4c015,2023-10-23T16:55:31+00:00
877133745,hd,720p,video/mp4,1280,720,720p,30,1438638322,1.34GB,https://player.vimeo.com/progressive_redirect/playback/877133745/rendition/720p/file.mp4?loc=external&oauth2_token_id=1643955558&signature=eb3d36469f04beb65360af83fa418197e00b96515e26ed00abc3e7c0dba84ae3,2023-10-23T16:55:35+00:00
877133745,sd,540p,video/mp4,960,540,540p,30,1025545577,978.04MB,https://player.vimeo.com/progressive_redirect/playback/877133745/rendition/540p/file.mp4?loc=external&oauth2_token_id=1643955558&signature=522079a397c301f4e013918078ae2efa2af5b970693c13031631f4a3f85c47ea,2023-10-23T16:55:34+00:00
877133745,sd,360p,video/mp4,640,360,360p,30,477105337,455MB,https://player.vimeo.com/progressive_redirect/playback/877133745/rendition/360p/file.mp4?loc=external&oauth2_token_id=1643955558&signature=94857c0c0ae4dbb031a9e68617d0b6be7229a39e22879ad76e4bf7953980955e,2023-10-23T16:55:11+00:00
877133745,hls,adaptive,video/mp4,,,240p,30,260922633,248.84MB,https://player.vimeo.com/external/877133745.m3u8?s=9b73586a788b8646071d834e40bf0ae666666552&oauth2_token_id=1643955558,2023-10-23T16:55:10+00:00
877479299,sd,240p,video/mp4,426,240,240p,30,49576885,47.28MB,https://player.vimeo.com/progressive_redirect/playback/877479299/rendition/240p/file.mp4?loc=external&oauth2_token_id=1643955558&signature=12d2b342785d6ea043df77737fc930951ac123f37cdef46731c63f29c5922bc3,2023-10-24T14:04:18+00:00
877479299,sd,540p,video/mp4,960,540,540p,30,192194206,183.29MB,https://player.vimeo.com/progressive_redirect/playback/877479299/rendition/540p/file.mp4?loc=external&oauth2_token_id=1643955558&signature=55e39fbd356ac7f631cf862b14c06927e5775d409c7f4cf93e4a3a344f4c1553,2023-10-24T14:04:24+00:00
877479299,sd,360p,video/mp4,640,360,360p,30,90868906,86.66MB,https://player.vimeo.com/progressive_redirect/playback/877479299/rendition/360p/file.mp4?loc=external&oauth2_token_id=1643955558&signature=8581d84349053753d33eb10c50f4948e631c530bcab0d02c7766b98a52c4d6e1,2023-10-24T14:04:17+00:00
877479299,hd,720p,video/mp4,1280,720,720p,30,255995080,244.14MB,https://player.vimeo.com/progressive_redirect/playback/877479299/rendition/720p/file.mp4?loc=external&oauth2_token_id=1643955558&signature=5aaa00bb3272dd97a8070246ce474c9947c7254da773337ee9da97e07a00c219,2023-10-24T14:04:31+00:00
877479299,hls,adaptive,video/mp4,,,240p,30,49576885,47.28MB,https://player.vimeo.com/external/877479299.m3u8?s=36e9d33fbbba02e4f9ca23dffabfe01bf4f4ad56&oauth2_token_id=1643955558,2023-10-24T14:04:18+00:00
877865005,sd,540p,video/mp4,960,540,540p,30,934599661,891.3MB,https://player.vimeo.com/progressive_redirect/playback/877865005/rendition/540p/file.mp4?loc=external&oauth2_token_id=1643955558&signature=7bd48a97c1019c1f7c2b911c05729baa980a1d26bc0ba706382609e0cd062282,2023-10-25T13:13:04+00:00
877865005,sd,240p,video/mp4,426,240,240p,30,191630195,182.75MB,https://player.vimeo.com/progressive_redirect/playback/877865005/rendition/240p/file.mp4?loc=external&oauth2_token_id=1643955558&signature=5cd9bb1b145ec98995957628f48609738220098972a2fb575d57985f6b4bf652,2023-10-25T13:12:42+00:00
877865005,hd,720p,video/mp4,1280,720,720p,30,1459214245,1.36GB,https://player.vimeo.com/progressive_redirect/playback/877865005/rendition/720p/file.mp4?loc=external&oauth2_token_id=1643955558&signature=192cee6b02801ee50c8116084c3a8c3939e2bd66b38c1175e6e0c9fe60cf3c8b,2023-10-25T13:13:09+00:00
877865005,hd,1080p,video/mp4,1920,1080,1080p,30,2759715578,2.57GB,https://player.vimeo.com/progressive_redirect/playback/877865005/rendition/1080p/file.mp4?loc=external&oauth2_token_id=1643955558&signature=4f6b570dae0acad5516c4f9182beafa4b080f648626feddb3312618e7a25163d,2023-10-25T13:13:10+00:00
877865005,sd,360p,video/mp4,640,360,360p,30,336693611,321.1MB,https://player.vimeo.com/progressive_redirect/playback/877865005/rendition/360p/file.mp4?loc=external&oauth2_token_id=1643955558&signature=37e01f97df419fcad1678b4b560ca3d4fd1a9c67ff4aa2778b961bcd3e0e69a5,2023-10-25T13:12:41+00:00
877865005,hls,adaptive,video/mp4,,,540p,30,934599661,891.3MB,https://player.vimeo.com/external/877865005.m3u8?s=fa7115ef7cdabdee87db22cb476ecae690e4ad90&oauth2_token_id=1643955558,2023-10-25T13:13:04+00:00
877893562,sd,540p,video/mp4,960,540,540p,30,958320756,913.93MB,https://player.vimeo.com/progressive_redirect/playback/877893562/rendition/540p/file.mp4?loc=external&oauth2_token_id=1643955558&signature=0611435b393d21cc18eb6e9fca4e9406ae0563e9e241bd694033f1e4161f7b41,2023-10-25T15:14:53+00:00
877893562,hd,720p,video/mp4,1280,720,720p,30,1496302837,1.39GB,https://player.vimeo.com/progressive_redirect/playback/877893562/rendition/720p/file.mp4?loc=external&oauth2_token_id=1643955558&signature=5b3afcd3004281cadefd272a2fc24c4c3f4738128865a2ce2aba7513ce76edbc,2023-10-25T15:14:54+00:00
877893562,sd,360p,video/mp4,640,360,360p,30,345175780,329.19MB,https://player.vimeo.com/progressive_redirect/playback/877893562/rendition/360p/file.mp4?loc=external&oauth2_token_id=1643955558&signature=9f046518c56c1fed139e2adc67afda9f84031aa501e1a6537c5bf2ed2b9790da,2023-10-25T15:14:38+00:00
877893562,sd,240p,video/mp4,426,240,240p,30,196398611,187.3MB,https://player.vimeo.com/progressive_redirect/playback/877893562/rendition/240p/file.mp4?loc=external&oauth2_token_id=1643955558&signature=5dd9f6f4282dfa9fa89f41f35ffeb4fd913d3ace16f65c458a7f012b83ae1495,2023-10-25T15:14:33+00:00
877893562,hls,adaptive,video/mp4,,,540p,30,958320756,913.93MB,https://player.vimeo.com/external/877893562.m3u8?s=61702d40018e71c17b423c18b3e34727a38efd0e&oauth2_token_id=1643955558,2023-10-25T15:14:53+00:00
878272197,hd,720p,video/mp4,1280,720,720p,30,47906303,45.69MB,https://player.vimeo.com/progressive_redirect/playback/878272197/rendition/720p/file.mp4?loc=external&oauth2_token_id=1643955558&signature=1f93f9e30067eb1b15c91ed53ecb7d0d4327c3b543053f762d622cfcc90b7c3b,2023-10-26T13:20:04+00:00
878272197,sd,360p,video/mp4,640,360,360p,30,30505671,29.09MB,https://player.vimeo.com/progressive_redirect/playback/878272197/rendition/360p/file.mp4?loc=external&oauth2_token_id=1643955558&signature=1f0186d6fcaca16df6fbfbb01a85a4dd4b2d58fd27cbafaeed26c365391f99d9,2023-10-26T13:20:11+00:00
878272197,sd,540p,video/mp4,960,540,540p,30,39428776,37.6MB,https://player.vimeo.com/progressive_redirect/playback/878272197/rendition/540p/file.mp4?loc=external&oauth2_token_id=1643955558&signature=02ef82a0471d14b8daa06f7b3e11ad7ce6e3e49eecc8659b9f253d51ba824c5d,2023-10-26T13:20:08+00:00
878272197,hd,1080p,video/mp4,1920,1080,1080p,30,69939074,66.7MB,https://player.vimeo.com/progressive_redirect/playback/878272197/rendition/1080p/file.mp4?loc=external&oauth2_token_id=1643955558&signature=e8a35ac2c0d2df924e7050b70cafe4bd62827f014a16c5a6feba79ab5651b11e,2023-10-26T13:20:28+00:00
878272197,sd,240p,video/mp4,426,240,240p,30,25115858,23.95MB,https://player.vimeo.com/progressive_redirect/playback/878272197/rendition/240p/file.mp4?loc=external&oauth2_token_id=1643955558&signature=71a9fea8fd58f281150c655cf5ddfdac6990d69dcad23c9d106b2bb7b17d2491,2023-10-26T13:19:05+00:00
878272197,source,source,video/mp4,1920,1080,source,29.99967141003423,174496148,166.41MB,https://player.vimeo.com/progressive_redirect/playback/878272197/rendition/source/file.mp4?loc=external&oauth2_token_id=1643955558&signature=f160d10be9eb074797aeb08742cff4686a6ff5a37edad14039bef768cc8e92d5,2023-10-26T13:17:56+00:00
878272197,hls,adaptive,video/mp4,,,720p,30,47906303,45.69MB,https://player.vimeo.com/external/878272197.m3u8?s=b3ac5a316fb45290e8a44c4e3602fa7a36db1630&oauth2_token_id=1643955558,2023-10-26T13:20:04+00:00
879281737,hd,720p,video/mp4,1280,720,720p,30,996664781,950.49MB,https://player.vimeo.com/progressive_redirect/playback/879281737/rendition/720p/file.mp4?loc=external&oauth2_token_id=1643955558&signature=d283a9968d329d8eb58f7d1d253a501392494c5c85dbe56ef4d97876c3a79f1a,2023-10-30T05:26:42+00:00
879281737,sd,240p,video/mp4,426,240,240p,30,310337972,295.96MB,https://player.vimeo.com/progressive_redirect/playback/879281737/rendition/240p/file.mp4?loc=external&oauth2_token_id=1643955558&signature=58a26f51a659aa68ab451ce324b9ce7305a2bc9cb6fa9278758f11ee55eda437,2023-10-30T05:29:02+00:00
879281737,sd,540p,video/mp4,960,540,540p,30,660742929,630.13MB,https://player.vimeo.com/progressive_redirect/playback/879281737/rendition/540p/file.mp4?loc=external&oauth2_token_id=1643955558&signature=9aab202c279fb93a86fb57341eceaf1d318ad0bf6c511165af4abbbf74d12683,2023-10-30T05:26:43+00:00
879281737,sd,360p,video/mp4,640,360,360p,30,429417159,409.52MB,https://player.vimeo.com/progressive_redirect/playback/879281737/rendition/360p/file.mp4?loc=external&oauth2_token_id=1643955558&signature=f85866090ae7fd49a2dfb030da96dd76203dd0e611e7b7cca5c9a2b39d19de4a,2023-10-30T05:26:48+00:00
879281737,hls,adaptive,video/mp4,,,720p,30,996664781,950.49MB,https://player.vimeo.com/external/879281737.m3u8?s=a5091b09cc7cc2f485c42e67110fa4e270dd88dc&oauth2_token_id=1643955558,2023-10-30T05:26:42+00:00
879114624,sd,240p,video/mp4,426,240,240p,30,159695534,152.3MB,https://player.vimeo.com/progressive_redirect/playback/879114624/rendition/240p/file.mp4?loc=external&oauth2_token_id=1643955558&signature=1f08d9ec2b614b5919d31c854e2a1f078275e60266fdd10a46c78a062f74c37a,2023-10-29T13:01:21+00:00
879114624,sd,540p,video/mp4,960,540,540p,30,778893252,742.81MB,https://player.vimeo.com/progressive_redirect/playback/879114624/rendition/540p/file.mp4?loc=external&oauth2_token_id=1643955558&signature=bcbb3e46de5f9de7c28268bd99b6a70aa3fe5bbcc91232c4aaf0a7665940a646,2023-10-29T13:01:35+00:00
879114624,hd,1080p,video/mp4,1920,1080,1080p,30,2294680118,2.14GB,https://player.vimeo.com/progressive_redirect/playback/879114624/rendition/1080p/file.mp4?loc=external&oauth2_token_id=1643955558&signature=6bbaa358195bfe9825c547a1b51f53ddd7763ede93c98a21966dd8039a149862,2023-10-29T13:01:56+00:00
879114624,hd,720p,video/mp4,1280,720,720p,30,1217079149,1.13GB,https://player.vimeo.com/progressive_redirect/playback/879114624/rendition/720p/file.mp4?loc=external&oauth2_token_id=1643955558&signature=439349a39471e5d2dbe24270ca8bd3ebc9605b00c7e3c340bb1ebfcb1f357d79,2023-10-29T13:01:44+00:00
879114624,sd,360p,video/mp4,640,360,360p,30,280650295,267.65MB,https://player.vimeo.com/progressive_redirect/playback/879114624/rendition/360p/file.mp4?loc=external&oauth2_token_id=1643955558&signature=6fa2b485a85949fe20fad342ed64cdac46eac3468008617d73365b5cefdc429f,2023-10-29T13:01:21+00:00
879114624,hls,adaptive,video/mp4,,,240p,30,159695534,152.3MB,https://player.vimeo.com/external/879114624.m3u8?s=1e04b2c3027ff8b793d12cab0ed11dc78776aac4&oauth2_token_id=1643955558,2023-10-29T13:01:21+00:00
879147864,hd,720p,video/mp4,1280,720,720p,30,45553501,43.44MB,https://player.vimeo.com/progressive_redirect/playback/879147864/rendition/720p/file.mp4?loc=external&oauth2_token_id=1643955558&signature=ce039267bf0caf0e49107ea6b148b09ed033abfe5cfc3e69582d0be53cefa36a,2023-10-29T15:28:27+00:00
879147864,sd,360p,video/mp4,640,360,360p,30,28185814,26.88MB,https://player.vimeo.com/progressive_redirect/playback/879147864/rendition/360p/file.mp4?loc=external&oauth2_token_id=1643955558&signature=8200a571f233afe2f1c1154dc5d7fe7b259ce7bc7ff21982c18de959d166d80b,2023-10-29T15:27:42+00:00
879147864,sd,540p,video/mp4,960,540,540p,30,37407637,35.67MB,https://player.vimeo.com/progressive_redirect/playback/879147864/rendition/540p/file.mp4?loc=external&oauth2_token_id=1643955558&signature=20e8ec688379cec6a86107f45190ec31eae9d4727f0df4d0886fba2f7feb75f7,2023-10-29T15:29:26+00:00
879147864,sd,240p,video/mp4,426,240,240p,30,23024954,21.96MB,https://player.vimeo.com/progressive_redirect/playback/879147864/rendition/240p/file.mp4?loc=external&oauth2_token_id=1643955558&signature=7a2a24f755522ec835ffd0a179b672773e7b352393f281064f266fe529aa45a3,2023-10-29T15:27:37+00:00
879147864,hls,adaptive,video/mp4,,,720p,30,45553501,43.44MB,https://player.vimeo.com/external/879147864.m3u8?s=573afd314fc2af61b786171ac9e569b23fe14010&oauth2_token_id=1643955558,2023-10-29T15:28:27+00:00
879153088,sd,360p,video/mp4,640,360,360p,30,292981976,279.41MB,https://player.vimeo.com/progressive_redirect/playback/879153088/rendition/360p/file.mp4?loc=external&oauth2_token_id=1643955558&signature=9041224d4f77c6e6f23b59299319f3a7643e51a8b71308e37474ba0026b424c6,2023-10-29T16:42:32+00:00
879153088,sd,540p,video/mp4,960,540,540p,30,458995244,437.73MB,https://player.vimeo.com/progressive_redirect/playback/879153088/rendition/540p/file.mp4?loc=external&oauth2_token_id=1643955558&signature=37ec8fd94f703318b92d14b91696a05089a281e3f68711c929691337f7f6fa50,2023-10-29T16:38:32+00:00
879153088,sd,240p,video/mp4,426,240,240p,30,203951462,194.5MB,https://player.vimeo.com/progressive_redirect/playback/879153088/rendition/240p/file.mp4?loc=external&oauth2_token_id=1643955558&signature=bf4c818a3c903623029ac58c5555fc2f8b8c3d87a358cfee8b04391ec69a8ebf,2023-10-29T16:38:19+00:00
879153088,hd,720p,video/mp4,1280,720,720p,30,706659790,673.92MB,https://player.vimeo.com/progressive_redirect/playback/879153088/rendition/720p/file.mp4?loc=external&oauth2_token_id=1643955558&signature=67ee42566db32e6badffd93893cac00e430796ba3b762273e3b34d71901886c8,2023-10-29T16:40:16+00:00
879153088,hls,adaptive,video/mp4,,,360p,30,292981976,279.41MB,https://player.vimeo.com/external/879153088.m3u8?s=b961891e28f629f44fa88be7063a9b091b24db39&oauth2_token_id=1643955558,2023-10-29T16:42:32+00:00
879749548,sd,540p,video/mp4,960,540,540p,30,218602162,208.48MB,https://player.vimeo.com/progressive_redirect/playback/879749548/rendition/540p/file.mp4?loc=external&oauth2_token_id=1643955558&signature=b18f330595f69df78dbe3c4a84e05094199f0661d68ed4719abbcdcb5658722c,2023-10-31T12:38:52+00:00
879749548,sd,240p,video/mp4,426,240,240p,30,56666104,54.04MB,https://player.vimeo.com/progressive_redirect/playback/879749548/rendition/240p/file.mp4?loc=external&oauth2_token_id=1643955558&signature=3296ec4859d5d3d1282633bd4e7ca57bd04270631f4ac5b02b38f22650f6fc2a,2023-10-31T12:38:48+00:00
879749548,hd,720p,video/mp4,1280,720,720p,30,289045541,275.66MB,https://player.vimeo.com/progressive_redirect/playback/879749548/rendition/720p/file.mp4?loc=external&oauth2_token_id=1643955558&signature=ca99b5780a77cbf7751c5b8366f8cfdda6a2bf70672247188ccbe7c3e3493539,2023-10-31T12:38:53+00:00
879749548,sd,360p,video/mp4,640,360,360p,30,104660624,99.81MB,https://player.vimeo.com/progressive_redirect/playback/879749548/rendition/360p/file.mp4?loc=external&oauth2_token_id=1643955558&signature=5028d8b7405b515aac9dd5c46873e49d510a00ffe739b366a310458272a9eda8,2023-10-31T12:38:52+00:00
879749548,hls,adaptive,video/mp4,,,540p,30,218602162,208.48MB,https://player.vimeo.com/external/879749548.m3u8?s=27616dce45f26a5fb374d380e7f1a06b0b5afc5a&oauth2_token_id=1643955558,2023-10-31T12:38:52+00:00
880154016,sd,540p,video/mp4,960,540,540p,30,1198070298,1.12GB,https://player.vimeo.com/progressive_redirect/playback/880154016/rendition/540p/file.mp4?loc=external&oauth2_token_id=1643955558&signature=1a7217ac4a53855a76f6ed3a7b84e72136e052721f306a92c02568230eaa2631,2023-11-01T15:34:17+00:00
880154016,hd,720p,video/mp4,1280,720,720p,30,1873579838,1.74GB,https://player.vimeo.com/progressive_redirect/playback/880154016/rendition/720p/file.mp4?loc=external&oauth2_token_id=1643955558&signature=aa6cf51ce14915f0aede057ba8ee260f8d418aea9d18fcfeeb8e3c98633dc9b8,2023-11-01T15:34:15+00:00
880154016,sd,240p,video/mp4,426,240,240p,30,245708104,234.33MB,https://player.vimeo.com/progressive_redirect/playback/880154016/rendition/240p/file.mp4?loc=external&oauth2_token_id=1643955558&signature=8ba463585426e09392a1863653dd0190a540936ca80247893dd26e3deaac7074,2023-11-01T15:33:38+00:00
880154016,sd,360p,video/mp4,640,360,360p,30,431744456,411.74MB,https://player.vimeo.com/progressive_redirect/playback/880154016/rendition/360p/file.mp4?loc=external&oauth2_token_id=1643955558&signature=022ec6ff3b880f43e5941c0fa48999e715ca27c772b1d3d0ba326a3124673ef7,2023-11-01T15:33:41+00:00
880154016,hls,adaptive,video/mp4,,,540p,30,1198070298,1.12GB,https://player.vimeo.com/external/880154016.m3u8?s=99bf3dcee0aaa31a4a0b0279f4e051fce28c8b5d&oauth2_token_id=1643955558,2023-11-01T15:34:17+00:00
880485870,hd,720p,video/mp4,1280,720,720p,30,53791820,51.3MB,https://player.vimeo.com/progressive_redirect/playback/880485870/rendition/720p/file.mp4?loc=external&oauth2_token_id=1643955558&signature=f509046284ba6a266e452d5232304248025748639a05b816eb2c073a1dfe7b54,2023-11-02T11:56:52+00:00
880485870,sd,540p,video/mp4,960,540,540p,30,45102960,43.01MB,https://player.vimeo.com/progressive_redirect/playback/880485870/rendition/540p/file.mp4?loc=external&oauth2_token_id=1643955558&signature=96c8919aeca66eef9f0a3455b14f3c960fd5edbdc443515cf8b0b644d3a64878,2023-11-02T11:56:37+00:00
880485870,sd,360p,video/mp4,640,360,360p,30,34469012,32.87MB,https://player.vimeo.com/progressive_redirect/playback/880485870/rendition/360p/file.mp4?loc=external&oauth2_token_id=1643955558&signature=c577e08221e5053a9bf29f3f1195fcad58fa5bbfdf99cf7af13c35ea740947e2,2023-11-02T11:56:41+00:00
880485870,sd,240p,video/mp4,426,240,240p,30,28491496,27.17MB,https://player.vimeo.com/progressive_redirect/playback/880485870/rendition/240p/file.mp4?loc=external&oauth2_token_id=1643955558&signature=f63f86928b5d76cd3adc8219ff85ef1dabfb8d103a950834023d65facd0258d2,2023-11-02T11:56:44+00:00
880485870,hls,adaptive,video/mp4,,,720p,30,53791820,51.3MB,https://player.vimeo.com/external/880485870.m3u8?s=5797e77a335548648216783ec1271d747b973b85&oauth2_token_id=1643955558,2023-11-02T11:56:52+00:00
880889616,hd,720p,video/mp4,1280,720,720p,30,2509245197,2.34GB,https://player.vimeo.com/progressive_redirect/playback/880889616/rendition/720p/file.mp4?loc=external&oauth2_token_id=1643955558&signature=018db528af7f455041dcea850d940e05c4401086edb6a30b718162d38018abf4,2023-11-03T16:10:22+00:00
880889616,sd,360p,video/mp4,640,360,360p,30,579133156,552.3MB,https://player.vimeo.com/progressive_redirect/playback/880889616/rendition/360p/file.mp4?loc=external&oauth2_token_id=1643955558&signature=85eb143f673f89db64f2ba2399ceafc3fc724c64340050a1e08f765625884f54,2023-11-03T16:09:30+00:00
880889616,sd,540p,video/mp4,960,540,540p,30,1607783331,1.5GB,https://player.vimeo.com/progressive_redirect/playback/880889616/rendition/540p/file.mp4?loc=external&oauth2_token_id=1643955558&signature=f7d2ea87bf75f6598f7dba83fea67c06802722640f43ba215928851b58449288,2023-11-03T16:10:12+00:00
880889616,sd,240p,video/mp4,426,240,240p,30,329552406,314.29MB,https://player.vimeo.com/progressive_redirect/playback/880889616/rendition/240p/file.mp4?loc=external&oauth2_token_id=1643955558&signature=f76413ebce334047d99c6941b3277fdc0ef44abc00ee9f9e69d9f4a11b61024c,2023-11-03T16:09:30+00:00
880889616,hls,adaptive,video/mp4,,,720p,30,2509245197,2.34GB,https://player.vimeo.com/external/880889616.m3u8?s=c0990cd46e87b8ab48f8208de9041cfcb06872f4&oauth2_token_id=1643955558,2023-11-03T16:10:22+00:00
881160392,sd,360p,video/mp4,640,360,360p,30,328184464,312.98MB,https://player.vimeo.com/progressive_redirect/playback/881160392/rendition/360p/file.mp4?loc=external&oauth2_token_id=1643955558&signature=f82d19fbfd6bbe30038f3d828eedb9357658626054724aa0416bb3f422c137ef,2023-11-04T13:11:19+00:00
881160392,hd,1080p,video/mp4,1920,1080,1080p,30,2640526216,2.46GB,https://player.vimeo.com/progressive_redirect/playback/881160392/rendition/1080p/file.mp4?loc=external&oauth2_token_id=1643955558&signature=d38d4cad0dd69a52a9d035740da162efbe5c82d3d723b419381c368f39e17ffa,2023-11-04T13:12:02+00:00
881160392,sd,240p,video/mp4,426,240,240p,30,186821273,178.17MB,https://player.vimeo.com/progressive_redirect/playback/881160392/rendition/240p/file.mp4?loc=external&oauth2_token_id=1643955558&signature=75107af23e85a24e343f266648fb549c70fbecbf97af7b66975ec89cdca631d0,2023-11-04T13:11:17+00:00
881160392,hd,720p,video/mp4,1280,720,720p,30,1416534542,1.32GB,https://player.vimeo.com/progressive_redirect/playback/881160392/rendition/720p/file.mp4?loc=external&oauth2_token_id=1643955558&signature=d680f74627d70ed85a26034530cc7c7c4f39fcaf7db66849f28e1ffb3001b7f8,2023-11-04T13:12:06+00:00
881160392,sd,540p,video/mp4,960,540,540p,30,910668230,868.48MB,https://player.vimeo.com/progressive_redirect/playback/881160392/rendition/540p/file.mp4?loc=external&oauth2_token_id=1643955558&signature=cfecde40aa64b63f36e5dd70a09e83f9367280745cf0a7fbbd3a6548949026c7,2023-11-04T13:11:24+00:00
881160392,hls,adaptive,video/mp4,,,360p,30,328184464,312.98MB,https://player.vimeo.com/external/881160392.m3u8?s=ad663ac66ac6c3ad736cd7267512960ccf0dcd3e&oauth2_token_id=1643955558,2023-11-04T13:11:19+00:00
881179512,sd,360p,video/mp4,640,360,360p,30,476688151,454.61MB,https://player.vimeo.com/progressive_redirect/playback/881179512/rendition/360p/file.mp4?loc=external&oauth2_token_id=1643955558&signature=4317d79ff1cbcb2fe3b21402697c41bc283093bbd852a7d1805b8bb84aabdd01,2023-11-04T16:23:39+00:00
881179512,sd,540p,video/mp4,960,540,540p,30,1037419371,989.36MB,https://player.vimeo.com/progressive_redirect/playback/881179512/rendition/540p/file.mp4?loc=external&oauth2_token_id=1643955558&signature=671b068c6d61cae5e7f3f0de424fb95286f1938254973e7edc2a8c6069c4dd65,2023-11-04T16:23:58+00:00
881179512,sd,240p,video/mp4,426,240,240p,30,264676371,252.42MB,https://player.vimeo.com/progressive_redirect/playback/881179512/rendition/240p/file.mp4?loc=external&oauth2_token_id=1643955558&signature=7af1d929b7fc155d7bfe1e7a7a576948ce21b9f248b6d0ed3654a06e130e3efa,2023-11-04T16:23:33+00:00
881179512,hd,1080p,video/mp4,1920,1080,1080p,30,2189411250,2.04GB,https://player.vimeo.com/progressive_redirect/playback/881179512/rendition/1080p/file.mp4?loc=external&oauth2_token_id=1643955558&signature=6069d7daefa4954ed9cc528e6821444b8545803df089db74fd907b7666106527,2023-11-04T16:24:14+00:00
881179512,hd,720p,video/mp4,1280,720,720p,30,1468185247,1.37GB,https://player.vimeo.com/progressive_redirect/playback/881179512/rendition/720p/file.mp4?loc=external&oauth2_token_id=1643955558&signature=625411eb34a8d89d89007e217bbeeefbf3820dc1b5d429ee9f4daced5d0eb645,2023-11-04T16:23:53+00:00
881179512,hls,adaptive,video/mp4,,,360p,30,476688151,454.61MB,https://player.vimeo.com/external/881179512.m3u8?s=fd7e0dedaf1fe804ddd199b97c538f0764ded27e&oauth2_token_id=1643955558,2023-11-04T16:23:39+00:00
881378823,sd,540p,video/mp4,960,540,540p,30,780785420,744.62MB,https://player.vimeo.com/progressive_redirect/playback/881378823/rendition/540p/file.mp4?loc=external&oauth2_token_id=1643955558&signature=7e8ea2e3e3fa34783b9fd33def5d04d60002812ce1d30f3919a7b551d02ed67d,2023-11-05T13:01:45+00:00
881378823,sd,360p,video/mp4,640,360,360p,30,281351855,268.32MB,https://player.vimeo.com/progressive_redirect/playback/881378823/rendition/360p/file.mp4?loc=external&oauth2_token_id=1643955558&signature=a25151cfe0585b91f0f7fe24cc90d58ba253fe4da7319cb6f955e7e622c5acfd,2023-11-05T13:01:30+00:00
881378823,hd,1080p,video/mp4,1920,1080,1080p,30,2306238667,2.15GB,https://player.vimeo.com/progressive_redirect/playback/881378823/rendition/1080p/file.mp4?loc=external&oauth2_token_id=1643955558&signature=531e601321921c031875832d013999f3a31d9f45a7677ba79f156e2a09047118,2023-11-05T13:02:25+00:00
881378823,hd,720p,video/mp4,1280,720,720p,30,1220340388,1.14GB,https://player.vimeo.com/progressive_redirect/playback/881378823/rendition/720p/file.mp4?loc=external&oauth2_token_id=1643955558&signature=c1c408f093a9f9235d44d8acb99cbb725148d0ee210b8657f9269e5e387ce1c9,2023-11-05T13:01:49+00:00
881378823,sd,240p,video/mp4,426,240,240p,30,160124215,152.71MB,https://player.vimeo.com/progressive_redirect/playback/881378823/rendition/240p/file.mp4?loc=external&oauth2_token_id=1643955558&signature=380637bdfc719838a70f673f6ba2d9e0b44f1f43d7d435e2d4184ce5d11ec753,2023-11-05T13:01:26+00:00
881378823,hls,adaptive,video/mp4,,,540p,30,780785420,744.62MB,https://player.vimeo.com/external/881378823.m3u8?s=9e36ad84a4caa69f55e928ef3310814c3905b114&oauth2_token_id=1643955558,2023-11-05T13:01:45+00:00
881398522,hd,720p,video/mp4,1280,720,720p,30,38912999,37.11MB,https://player.vimeo.com/progressive_redirect/playback/881398522/rendition/720p/file.mp4?loc=external&oauth2_token_id=1643955558&signature=76429a79f78359019be9728a5c6db8845868c0176fb1d778082c344b475a3563,2023-11-05T14:16:34+00:00
881398522,sd,360p,video/mp4,640,360,360p,30,24743453,23.6MB,https://player.vimeo.com/progressive_redirect/playback/881398522/rendition/360p/file.mp4?loc=external&oauth2_token_id=1643955558&signature=91dc0b865c093c08d5c7f68f32290d077aaae805bf90098cb02d4f55127080aa,2023-11-05T14:16:17+00:00
881398522,sd,240p,video/mp4,426,240,240p,30,20620561,19.67MB,https://player.vimeo.com/progressive_redirect/playback/881398522/rendition/240p/file.mp4?loc=external&oauth2_token_id=1643955558&signature=25dcf4d6ddf062123d59036c1410031ab124505b453f2d5c6e765b795ae1a7e7,2023-11-05T14:16:43+00:00
881398522,sd,540p,video/mp4,960,540,540p,30,32500578,30.99MB,https://player.vimeo.com/progressive_redirect/playback/881398522/rendition/540p/file.mp4?loc=external&oauth2_token_id=1643955558&signature=0987858f192dcb7fc6d1d7b15dbb24d7fa3744e3fce58e35a484cc60f35385ea,2023-11-05T14:15:27+00:00
881398522,hls,adaptive,video/mp4,,,720p,30,38912999,37.11MB,https://player.vimeo.com/external/881398522.m3u8?s=1b8f5ef141fa4d6ef2b325244f89f1669da7532d&oauth2_token_id=1643955558,2023-11-05T14:16:34+00:00
882040327,sd,360p,video/mp4,640,360,360p,30,97943632,93.41MB,https://player.vimeo.com/progressive_redirect/playback/882040327/rendition/360p/file.mp4?loc=external&oauth2_token_id=1643955558&signature=6227ba372b7d4e1dba93ed90da3e73ee101c57ce836993ade55d006b51c62700,2023-11-07T12:43:41+00:00
882040327,hd,720p,video/mp4,1280,720,720p,30,246675765,235.25MB,https://player.vimeo.com/progressive_redirect/playback/882040327/rendition/720p/file.mp4?loc=external&oauth2_token_id=1643955558&signature=4e8252461c010d05e6248aed8d4bcb9c63f3af7c5a32a6f449785da8a7595e03,2023-11-07T12:43:44+00:00
882040327,sd,240p,video/mp4,426,240,240p,30,51971940,49.56MB,https://player.vimeo.com/progressive_redirect/playback/882040327/rendition/240p/file.mp4?loc=external&oauth2_token_id=1643955558&signature=9551197b510fb25aab4a7ca65ded4f67b82843aeb750e84542c71973583de114,2023-11-07T12:43:40+00:00
882040327,sd,540p,video/mp4,960,540,540p,30,193882890,184.9MB,https://player.vimeo.com/progressive_redirect/playback/882040327/rendition/540p/file.mp4?loc=external&oauth2_token_id=1643955558&signature=5f36139361e68367907d4f78fc2306c7f7543792e2e75a584b61d2b2fb8d64b5,2023-11-07T12:43:47+00:00
882040327,hls,adaptive,video/mp4,,,360p,30,97943632,93.41MB,https://player.vimeo.com/external/882040327.m3u8?s=f2a3af724da1c6e9d9212297d23c1b3770c894f2&oauth2_token_id=1643955558,2023-11-07T12:43:41+00:00
882069156,sd,540p,video/mp4,960,540,540p,30,1318219813,1.23GB,https://player.vimeo.com/progressive_redirect/playback/882069156/rendition/540p/file.mp4?loc=external&oauth2_token_id=1643955558&signature=ff1d9548593b547a6f508e7573a61ed4cbe86289c45b27e9c516116d97906f1d,2023-11-07T15:44:22+00:00
882069156,sd,240p,video/mp4,426,240,240p,30,270515926,257.98MB,https://player.vimeo.com/progressive_redirect/playback/882069156/rendition/240p/file.mp4?loc=external&oauth2_token_id=1643955558&signature=be2ce84e9e790146f1ce04add6e31ac721d1452bde021ca00e601075c584159d,2023-11-07T15:43:58+00:00
882069156,hd,720p,video/mp4,1280,720,720p,30,2055531247,1.91GB,https://player.vimeo.com/progressive_redirect/playback/882069156/rendition/720p/file.mp4?loc=external&oauth2_token_id=1643955558&signature=7367dfc4c9ed2d6cd76728ccbbfa2199945efa7ab6015a3bbfdcea1b4851d9cb,2023-11-07T15:44:25+00:00
882069156,sd,360p,video/mp4,640,360,360p,30,475168848,453.16MB,https://player.vimeo.com/progressive_redirect/playback/882069156/rendition/360p/file.mp4?loc=external&oauth2_token_id=1643955558&signature=fa6966b63bc538444709b8f5487dd4a6e7889e5d5b7c1ace0d6c305ee67e7738,2023-11-07T15:44:02+00:00
882069156,hls,adaptive,video/mp4,,,540p,30,1318219813,1.23GB,https://player.vimeo.com/external/882069156.m3u8?s=acd30a2471217efca7daae92441c497725086452&oauth2_token_id=1643955558,2023-11-07T15:44:22+00:00
882447605,sd,360p,video/mp4,640,360,360p,30,385404478,367.55MB,https://player.vimeo.com/progressive_redirect/playback/882447605/rendition/360p/file.mp4?loc=external&oauth2_token_id=1643955558&signature=e1a33735beb77013c3ea50554e2b8afeb6f19357210c2913614b1128b05c9615,2023-11-08T13:23:22+00:00
882447605,sd,540p,video/mp4,960,540,540p,30,1069505488,"1,019.96MB",https://player.vimeo.com/progressive_redirect/playback/882447605/rendition/540p/file.mp4?loc=external&oauth2_token_id=1643955558&signature=34978e98dcf8d710ffbb6b71501badf490ac91586d956f7af9c3eafc24ebdaf1,2023-11-08T13:23:26+00:00
882447605,hd,720p,video/mp4,1280,720,720p,30,1669876131,1.56GB,https://player.vimeo.com/progressive_redirect/playback/882447605/rendition/720p/file.mp4?loc=external&oauth2_token_id=1643955558&signature=589d7ec3ab664ef51526ad35a1faf7c9a52baa8067e818091159ab31e49ea840,2023-11-08T13:24:04+00:00
882447605,sd,240p,video/mp4,426,240,240p,30,219350057,209.19MB,https://player.vimeo.com/progressive_redirect/playback/882447605/rendition/240p/file.mp4?loc=external&oauth2_token_id=1643955558&signature=9777e0846b6d462bb7eab397257b9a3c138cdb0e9f9b08cb15705e3b5a9b857d,2023-11-08T13:23:19+00:00
882447605,hls,adaptive,video/mp4,,,360p,30,385404478,367.55MB,https://player.vimeo.com/external/882447605.m3u8?s=a2f2ec3dfe834a059457677e4e0e4a7e0622bb9a&oauth2_token_id=1643955558,2023-11-08T13:23:22+00:00
882889259,hd,720p,video/mp4,1280,720,720p,30,136498054,130.17MB,https://player.vimeo.com/progressive_redirect/playback/882889259/rendition/720p/file.mp4?loc=external&oauth2_token_id=1643955558&signature=2b6a4e6c42322a8dec358a27397f7fd36a7bb662fbf049a3b36ba058874079f7,2023-11-09T14:12:53+00:00
882889259,hd,1080p,video/mp4,1920,1080,1080p,30,216224589,206.21MB,https://player.vimeo.com/progressive_redirect/playback/882889259/rendition/1080p/file.mp4?loc=external&oauth2_token_id=1643955558&signature=cc6ec0badf255ed342b1b300651ea55d5a3edf484a22fbf7a0b60fc695baebf4,2023-11-09T14:13:01+00:00
882889259,sd,540p,video/mp4,960,540,540p,30,96500237,92.03MB,https://player.vimeo.com/progressive_redirect/playback/882889259/rendition/540p/file.mp4?loc=external&oauth2_token_id=1643955558&signature=7fb9f43c58a78d4937e0a2eb5102efa24bf0ec07bb5b86340a2fdd6995a3df99,2023-11-09T14:12:54+00:00
882889259,sd,240p,video/mp4,426,240,240p,30,21950517,20.93MB,https://player.vimeo.com/progressive_redirect/playback/882889259/rendition/240p/file.mp4?loc=external&oauth2_token_id=1643955558&signature=fb64846c2488cbcc8071123fe23e571074f22044dbfd5eb113d71159a58cbe90,2023-11-09T14:12:52+00:00
882889259,sd,360p,video/mp4,640,360,360p,30,40432673,38.56MB,https://player.vimeo.com/progressive_redirect/playback/882889259/rendition/360p/file.mp4?loc=external&oauth2_token_id=1643955558&signature=1edc75579eed40a66b2a2fd3851294868a4925d1a9aa659b1e4b8cf092bbb0d2,2023-11-09T14:12:54+00:00
882889259,hls,adaptive,video/mp4,,,720p,30,136498054,130.17MB,https://player.vimeo.com/external/882889259.m3u8?s=05b697794f35377ead06c528065e4250215e560d&oauth2_token_id=1643955558,2023-11-09T14:12:53+00:00
883276524,hd,720p,video/mp4,1280,720,720p,30,2606237514,2.43GB,https://player.vimeo.com/progressive_redirect/playback/883276524/rendition/720p/file.mp4?loc=external&oauth2_token_id=1643955558&signature=7bb5e03c33eab0812788c2e0510adc3864302fca26eff0a8f8bf107d4fff49f7,2023-11-10T16:14:01+00:00
883276524,sd,360p,video/mp4,640,360,360p,30,602132044,574.24MB,https://player.vimeo.com/progressive_redirect/playback/883276524/rendition/360p/file.mp4?loc=external&oauth2_token_id=1643955558&signature=8f8bb2147292b6fda55600e782247addd5e8b3f7a33a8595fa921b03336f924f,2023-11-10T16:13:00+00:00
883276524,sd,240p,video/mp4,426,240,240p,30,342738620,326.86MB,https://player.vimeo.com/progressive_redirect/playback/883276524/rendition/240p/file.mp4?loc=external&oauth2_token_id=1643955558&signature=0693d57d9e4d0ae43a8b6c959e709293f894d490bb116da9ada1427210acefe2,2023-11-10T16:13:02+00:00
883276524,sd,540p,video/mp4,960,540,540p,30,1670346995,1.56GB,https://player.vimeo.com/progressive_redirect/playback/883276524/rendition/540p/file.mp4?loc=external&oauth2_token_id=1643955558&signature=61d1b10b04f6c7976ad232b1f8af2e6ed09cb414e460866dbfd80365c9210d13,2023-11-10T16:13:38+00:00
883276524,hls,adaptive,video/mp4,,,720p,30,2606237514,2.43GB,https://player.vimeo.com/external/883276524.m3u8?s=fec01b9b4e913e6f4863ad87240e624f82015724&oauth2_token_id=1643955558,2023-11-10T16:14:01+00:00
883530194,sd,540p,video/mp4,960,540,540p,30,1498989307,1.4GB,https://player.vimeo.com/progressive_redirect/playback/883530194/rendition/540p/file.mp4?loc=external&oauth2_token_id=1643955558&signature=f97fa1e5aff4344ba27af095793b4d84c3dac28cffbeb5cdcbf352f060ef4b97,2023-11-11T15:39:54+00:00
883530194,sd,360p,video/mp4,640,360,360p,30,712449413,679.44MB,https://player.vimeo.com/progressive_redirect/playback/883530194/rendition/360p/file.mp4?loc=external&oauth2_token_id=1643955558&signature=116c395d95dfcbd7efe8eeff86c7d095fccb455f32965f159d794c7c9484c5c0,2023-11-11T15:39:30+00:00
883530194,hd,720p,video/mp4,1280,720,720p,30,2030044680,1.89GB,https://player.vimeo.com/progressive_redirect/playback/883530194/rendition/720p/file.mp4?loc=external&oauth2_token_id=1643955558&signature=fc8733b66381701f6832ac8fad7bb71e31625bdd597975bf2f67a1e9e76ab5a2,2023-11-11T15:40:09+00:00
883530194,sd,240p,video/mp4,426,240,240p,30,388980414,370.96MB,https://player.vimeo.com/progressive_redirect/playback/883530194/rendition/240p/file.mp4?loc=external&oauth2_token_id=1643955558&signature=5c1d44e72e119d89d3a46cc424517aa140912b7b4b225585747c35c0185cd380,2023-11-11T15:39:30+00:00
883530194,hls,adaptive,video/mp4,,,540p,30,1498989307,1.4GB,https://player.vimeo.com/external/883530194.m3u8?s=7d698848deeb0f4613f81aef6f8f4eb6539b8646&oauth2_token_id=1643955558,2023-11-11T15:39:54+00:00
883695716,sd,240p,video/mp4,426,240,240p,30,183848863,175.33MB,https://player.vimeo.com/progressive_redirect/playback/883695716/rendition/240p/file.mp4?loc=external&oauth2_token_id=1643955558&signature=e94fbf7ece520055f2a33b83b781618792ff7109d89e0df8ee73cd5ad76b778b,2023-11-12T13:09:49+00:00
883695716,hd,720p,video/mp4,1280,720,720p,30,1402880177,1.31GB,https://player.vimeo.com/progressive_redirect/playback/883695716/rendition/720p/file.mp4?loc=external&oauth2_token_id=1643955558&signature=b77c4dbda0cabaf3ee637a9f77905adf315eeb078b8dc93d34f462606afb3b4b,2023-11-12T13:10:13+00:00
883695716,sd,540p,video/mp4,960,540,540p,30,897226600,855.66MB,https://player.vimeo.com/progressive_redirect/playback/883695716/rendition/540p/file.mp4?loc=external&oauth2_token_id=1643955558&signature=f8352a6a2279d2dfecb6e72b27df9554cb40e4b059b5f978676e2217bb2aad92,2023-11-12T13:09:54+00:00
883695716,sd,360p,video/mp4,640,360,360p,30,323169147,308.2MB,https://player.vimeo.com/progressive_redirect/playback/883695716/rendition/360p/file.mp4?loc=external&oauth2_token_id=1643955558&signature=a36b6402428b7a532df07905130ea780f59013bc512dd5fa473fa5f84906f1bf,2023-11-12T13:09:51+00:00
883695716,hls,adaptive,video/mp4,,,240p,30,183848863,175.33MB,https://player.vimeo.com/external/883695716.m3u8?s=c0a0b077bbd5da0f537b5ac7b8ceaf2bafd802b8&oauth2_token_id=1643955558,2023-11-12T13:09:49+00:00
883710867,source,source,video/mp4,1920,1080,source,29.999675805353533,168740034,160.92MB,https://player.vimeo.com/progressive_redirect/playback/883710867/rendition/source/file.mp4?loc=external&oauth2_token_id=1643955558&signature=ee663cc457659cfdea0a9d22788e2fcc6991179c39f9db08a0fa2a87f648befe,2023-11-12T14:18:21+00:00
883710867,sd,360p,video/mp4,640,360,360p,30,31018892,29.58MB,https://player.vimeo.com/progressive_redirect/playback/883710867/rendition/360p/file.mp4?loc=external&oauth2_token_id=1643955558&signature=f3357840cc2bc7246009af6c4716130de8ff1ac0985c80f18ec1fc4e0e9b80bd,2023-11-12T14:20:48+00:00
883710867,sd,540p,video/mp4,960,540,540p,30,39930030,38.08MB,https://player.vimeo.com/progressive_redirect/playback/883710867/rendition/540p/file.mp4?loc=external&oauth2_token_id=1643955558&signature=3e519780b135b15feb5efbc5ca27f3a3b83dbf42921d59c199d0fea3bbc25f55,2023-11-12T14:22:12+00:00
883710867,sd,240p,video/mp4,426,240,240p,30,25895326,24.7MB,https://player.vimeo.com/progressive_redirect/playback/883710867/rendition/240p/file.mp4?loc=external&oauth2_token_id=1643955558&signature=9daf66d1d1acdb24abc70e2320e282af2c12be8a37ed4b34f327d8dc2bd85248,2023-11-12T14:20:52+00:00
883710867,hd,1080p,video/mp4,1920,1080,1080p,30,70927127,67.64MB,https://player.vimeo.com/progressive_redirect/playback/883710867/rendition/1080p/file.mp4?loc=external&oauth2_token_id=1643955558&signature=8ce97ae122d83a395387a8e0c08cc697eba01f61ce97f749dd3c6e724d46dfbd,2023-11-12T14:24:00+00:00
883710867,hd,720p,video/mp4,1280,720,720p,30,48684452,46.43MB,https://player.vimeo.com/progressive_redirect/playback/883710867/rendition/720p/file.mp4?loc=external&oauth2_token_id=1643955558&signature=e1f602865f1de220dde8509299db81cdb4d2eedc47473b3243833634ab3664f2,2023-11-12T14:20:13+00:00
883710867,hls,adaptive,video/mp4,,,source,29.999675805353533,168740034,160.92MB,https://player.vimeo.com/external/883710867.m3u8?s=958e6f665ca9db0579e65f0b1dc2182f25b7b0a9&oauth2_token_id=1643955558,2023-11-12T14:18:21+00:00
884350323,hd,720p,video/mp4,1280,720,720p,30,131490584,125.4MB,https://player.vimeo.com/progressive_redirect/playback/884350323/rendition/720p/file.mp4?loc=external&oauth2_token_id=1643955558&signature=a1f1b36b9fef6e0c572c3a8b53e46e2aa681f086a1bbac3856a9b05cbf2dc516,2023-11-15T08:12:33+00:00
884350323,sd,240p,video/mp4,426,240,240p,30,64200896,61.23MB,https://player.vimeo.com/progressive_redirect/playback/884350323/rendition/240p/file.mp4?loc=external&oauth2_token_id=1643955558&signature=71cf9f7b1faee30e554b4fc1dc8a7f464b7cca45112552b499339e0d56390b47,2023-11-15T08:11:57+00:00
884350323,sd,540p,video/mp4,960,540,540p,30,105538485,100.65MB,https://player.vimeo.com/progressive_redirect/playback/884350323/rendition/540p/file.mp4?loc=external&oauth2_token_id=1643955558&signature=ffec43f1426ae0fa18c21c5b25dad2c65bbf86e3b37f329044e28e88e11e53a2,2023-11-15T08:13:05+00:00
884350323,sd,360p,video/mp4,640,360,360p,30,78974568,75.32MB,https://player.vimeo.com/progressive_redirect/playback/884350323/rendition/360p/file.mp4?loc=external&oauth2_token_id=1643955558&signature=96a9f693987cb562e3a6c9842c7a1f4e6c418defa065c7234a1dca1281cbec48,2023-11-15T08:16:54+00:00
884350323,hls,adaptive,video/mp4,,,720p,30,131490584,125.4MB,https://player.vimeo.com/external/884350323.m3u8?s=b57baf7153e2f28d83d8757ffc9e8e7d25c1d53a&oauth2_token_id=1643955558,2023-11-15T08:12:33+00:00
884386564,sd,240p,video/mp4,426,240,240p,30,271966977,259.37MB,https://player.vimeo.com/progressive_redirect/playback/884386564/rendition/240p/file.mp4?loc=external&oauth2_token_id=1643955558&signature=5ea809bd031b28a81c0670e875a3b0add7c344d6722b0438bda88d6e7e121fcc,2023-11-14T15:42:14+00:00
884386564,sd,540p,video/mp4,960,540,540p,30,1325042280,1.23GB,https://player.vimeo.com/progressive_redirect/playback/884386564/rendition/540p/file.mp4?loc=external&oauth2_token_id=1643955558&signature=1a3129a39a0b355147ff523698f659859c172c70c1169471250a5ad656a30e06,2023-11-14T15:42:35+00:00
884386564,hd,720p,video/mp4,1280,720,720p,30,2065917133,1.92GB,https://player.vimeo.com/progressive_redirect/playback/884386564/rendition/720p/file.mp4?loc=external&oauth2_token_id=1643955558&signature=5f854fbd850f060037d93ec863b9f6b780d472a726ea790048a5a39916986b0a,2023-11-14T15:42:50+00:00
884386564,sd,360p,video/mp4,640,360,360p,30,477761797,455.63MB,https://player.vimeo.com/progressive_redirect/playback/884386564/rendition/360p/file.mp4?loc=external&oauth2_token_id=1643955558&signature=453af9ed71834b1dfa4a4233b6a52742ee9d266b1e535b040cf914f220f92d59,2023-11-14T15:42:20+00:00
884386564,hls,adaptive,video/mp4,,,240p,30,271966977,259.37MB,https://player.vimeo.com/external/884386564.m3u8?s=a09bc2621208335ef07dd9253614483281f8cfce&oauth2_token_id=1643955558,2023-11-14T15:42:14+00:00
884809168,hd,720p,video/mp4,1280,720,720p,30,1710736180,1.59GB,https://player.vimeo.com/progressive_redirect/playback/884809168/rendition/720p/file.mp4?loc=external&oauth2_token_id=1643955558&signature=a12c050dad929fea9ad880e31dafd6af6f612c48301c3010f38ea45701078145,2023-11-15T15:23:57+00:00
884809168,sd,540p,video/mp4,960,540,540p,30,1094441734,1.02GB,https://player.vimeo.com/progressive_redirect/playback/884809168/rendition/540p/file.mp4?loc=external&oauth2_token_id=1643955558&signature=dbc0851c9d6a167512d60500d39694dbb8919a258db9eab5dcf661419f9d0096,2023-11-15T15:23:21+00:00
884809168,sd,360p,video/mp4,640,360,360p,30,394155442,375.9MB,https://player.vimeo.com/progressive_redirect/playback/884809168/rendition/360p/file.mp4?loc=external&oauth2_token_id=1643955558&signature=37b51e2852d5daeba9ea70b29830203c7abdc7d1eb04533b66ba389f2da462e3,2023-11-15T15:23:13+00:00
884809168,sd,240p,video/mp4,426,240,240p,30,224173123,213.79MB,https://player.vimeo.com/progressive_redirect/playback/884809168/rendition/240p/file.mp4?loc=external&oauth2_token_id=1643955558&signature=e76f111c9ad4f32eb4b2803b6b8e7d7d9f0c974bfcf8c8022e1108d0f0156d18,2023-11-15T15:23:13+00:00
884809168,hls,adaptive,video/mp4,,,720p,30,1710736180,1.59GB,https://player.vimeo.com/external/884809168.m3u8?s=11d6e86ceefae01b07745bdf935d4a0ba401a756&oauth2_token_id=1643955558,2023-11-15T15:23:57+00:00
885204349,sd,240p,video/mp4,426,240,240p,30,16364295,15.61MB,https://player.vimeo.com/progressive_redirect/playback/885204349/rendition/240p/file.mp4?loc=external&oauth2_token_id=1643955558&signature=07c92a01ffa30066e2bb8ef5224c08c0e37f0a4a54ffb28ddc1ca3e86fc41013,2023-11-16T13:12:41+00:00
885204349,sd,540p,video/mp4,960,540,540p,30,24594230,23.45MB,https://player.vimeo.com/progressive_redirect/playback/885204349/rendition/540p/file.mp4?loc=external&oauth2_token_id=1643955558&signature=78dbd5445486be606de3a4f87148917a441870d5dfa4bc60791ce112c82c557a,2023-11-16T13:13:12+00:00
885204349,hd,720p,video/mp4,1280,720,720p,30,28665192,27.34MB,https://player.vimeo.com/progressive_redirect/playback/885204349/rendition/720p/file.mp4?loc=external&oauth2_token_id=1643955558&signature=2a3238ca4ffc1ea7f82627db149cc394ed1513f1aaeeb3d8d5e64efd03844825,2023-11-16T13:13:09+00:00
885204349,sd,360p,video/mp4,640,360,360p,30,19297190,18.4MB,https://player.vimeo.com/progressive_redirect/playback/885204349/rendition/360p/file.mp4?loc=external&oauth2_token_id=1643955558&signature=3fc115ed0847347b55256a62f148d2ae3bba76d2b835b0e0b730d25e05c43f6d,2023-11-16T13:12:47+00:00
885204349,hls,adaptive,video/mp4,,,240p,30,16364295,15.61MB,https://player.vimeo.com/external/885204349.m3u8?s=18741e205757aad31a88f315133bbf4287af22eb&oauth2_token_id=1643955558,2023-11-16T13:12:41+00:00
885653928,hd,720p,video/mp4,1280,720,720p,30.00663129973475,2748328926,2.56GB,https://player.vimeo.com/progressive_redirect/playback/885653928/rendition/720p/file.mp4?loc=external&oauth2_token_id=1643955558&signature=2597c428b4cfa70753ede1444f3baa03f10f8c15acfe33125e7ba72ee5a77d21,2023-11-17T16:42:54+00:00
885653928,sd,360p,video/mp4,640,360,360p,30.00663129973475,634809662,605.4MB,https://player.vimeo.com/progressive_redirect/playback/885653928/rendition/360p/file.mp4?loc=external&oauth2_token_id=1643955558&signature=78329ede839e35bec57932cb03b052ffbf4f84560b65a75c8ca9a665eb893698,2023-11-17T16:42:06+00:00
885653928,sd,540p,video/mp4,960,540,540p,30.00663129973475,1761397459,1.64GB,https://player.vimeo.com/progressive_redirect/playback/885653928/rendition/540p/file.mp4?loc=external&oauth2_token_id=1643955558&signature=e39f910bd4c7cf19597176e401856cf102290c6bec0f6c6d74e86045836fe599,2023-11-17T16:42:20+00:00
885653928,sd,240p,video/mp4,426,240,240p,30.00663129973475,361344087,344.6MB,https://player.vimeo.com/progressive_redirect/playback/885653928/rendition/240p/file.mp4?loc=external&oauth2_token_id=1643955558&signature=66e13ff5dbe0558b371c2fc9b0f9c0528fc0983c8b7ba69c1bdc688c30de5534,2023-11-17T16:41:56+00:00
885653928,hls,adaptive,video/mp4,,,720p,30.00663129973475,2748328926,2.56GB,https://player.vimeo.com/external/885653928.m3u8?s=a8beb4753de78df8f706ce7c254a02e2ae4547b4&oauth2_token_id=1643955558,2023-11-17T16:42:54+00:00
885920232,sd,540p,video/mp4,960,540,540p,30.00663129973475,718123974,684.86MB,https://player.vimeo.com/progressive_redirect/playback/885920232/rendition/540p/file.mp4?loc=external&oauth2_token_id=1643955558&signature=7c8205cf1ab451037b791406f1f9331a86fcf2b4b62ad34c67262da79d9c1947,2023-11-18T12:55:48+00:00
885920232,sd,240p,video/mp4,426,240,240p,30.00663129973475,147191848,140.37MB,https://player.vimeo.com/progressive_redirect/playback/885920232/rendition/240p/file.mp4?loc=external&oauth2_token_id=1643955558&signature=5197fef708d8a50ea36ad424e5fb2318d3c8e67de46a3a61e7ff94caf2536431,2023-11-18T12:55:45+00:00
885920232,sd,360p,video/mp4,640,360,360p,30.00663129973475,258679424,246.7MB,https://player.vimeo.com/progressive_redirect/playback/885920232/rendition/360p/file.mp4?loc=external&oauth2_token_id=1643955558&signature=57468ac6d16fc2a9d43cb0fa24eea323837a75ad90e25c8225f5954312f3a360,2023-11-18T12:55:48+00:00
885920232,hd,720p,video/mp4,1280,720,720p,30.00663129973475,1123072293,1.05GB,https://player.vimeo.com/progressive_redirect/playback/885920232/rendition/720p/file.mp4?loc=external&oauth2_token_id=1643955558&signature=648fb7ab8d1ad378941e389c7dfb1dca0669e9423b093621e42c53760592a756,2023-11-18T12:56:23+00:00
885920232,hls,adaptive,video/mp4,,,540p,30.00663129973475,718123974,684.86MB,https://player.vimeo.com/external/885920232.m3u8?s=6ccf607ab337189de591b09a909a00154cde4160&oauth2_token_id=1643955558,2023-11-18T12:55:48+00:00
886101229,hd,720p,video/mp4,1280,720,720p,30,46724643,44.56MB,https://player.vimeo.com/progressive_redirect/playback/886101229/rendition/720p/file.mp4?loc=external&oauth2_token_id=1643955558&signature=5d9c9fb50bb00ae144e87342fe8d79af71574f0c8ab00d0a8bab14a1ec1e11ac,2023-11-19T13:20:25+00:00
886101229,sd,360p,video/mp4,640,360,360p,30,30765779,29.34MB,https://player.vimeo.com/progressive_redirect/playback/886101229/rendition/360p/file.mp4?loc=external&oauth2_token_id=1643955558&signature=923a0e8b52921b875e70c4fd6d3bcb74cdfc17a3510b548e187d5eb323965a58,2023-11-19T13:19:11+00:00
886101229,sd,240p,video/mp4,426,240,240p,30,25699968,24.51MB,https://player.vimeo.com/progressive_redirect/playback/886101229/rendition/240p/file.mp4?loc=external&oauth2_token_id=1643955558&signature=98e886eba9bfd61b7c97a65ccd2eed4144308f176339ad75f221c4f2597062eb,2023-11-19T13:19:04+00:00
886101229,sd,540p,video/mp4,960,540,540p,30,39166610,37.35MB,https://player.vimeo.com/progressive_redirect/playback/886101229/rendition/540p/file.mp4?loc=external&oauth2_token_id=1643955558&signature=5ba2a1a4398f11e401ec4f05e39e878c7500ea99c5b62c4a1188977ededa4e70,2023-11-19T13:20:45+00:00
886101229,source,source,video/mp4,1280,720,source,29.999670072254176,105268211,100.39MB,https://player.vimeo.com/progressive_redirect/playback/886101229/rendition/source/file.mp4?loc=external&oauth2_token_id=1643955558&signature=99e6a0a53e1fb864930e4cb72819ae690cbfe3367bcf5a3c2a8ae5cd8fbb5e09,2023-11-19T13:17:52+00:00
886101229,hls,adaptive,video/mp4,,,720p,30,46724643,44.56MB,https://player.vimeo.com/external/886101229.m3u8?s=7fbc3a0c0529a84b153943fdd27bf3cd58aad6dd&oauth2_token_id=1643955558,2023-11-19T13:20:25+00:00
886854054,sd,240p,video/mp4,426,240,240p,30.00663129973475,253798482,242.04MB,https://player.vimeo.com/progressive_redirect/playback/886854054/rendition/240p/file.mp4?loc=external&oauth2_token_id=1643955558&signature=3077827c29f58275b78e102ded5d9b7ce13382745892e88d370e2f1764edb537,2023-11-21T16:13:39+00:00
886854054,hd,720p,video/mp4,1280,720,720p,30.00663129973475,1932145316,1.8GB,https://player.vimeo.com/progressive_redirect/playback/886854054/rendition/720p/file.mp4?loc=external&oauth2_token_id=1643955558&signature=74c1f8f58d53e8648b6f7c31ac138a58961dfaadb2030cbf1c7d7d95dac21d8d,2023-11-21T16:14:25+00:00
886854054,sd,540p,video/mp4,960,540,540p,30.00663129973475,1237311329,1.15GB,https://player.vimeo.com/progressive_redirect/playback/886854054/rendition/540p/file.mp4?loc=external&oauth2_token_id=1643955558&signature=85d213f37b289b539f365e923db1dab38fe509ab1526d43a1399966a8662f58b,2023-11-21T16:13:58+00:00
886854054,sd,360p,video/mp4,640,360,360p,30.00663129973475,445923676,425.27MB,https://player.vimeo.com/progressive_redirect/playback/886854054/rendition/360p/file.mp4?loc=external&oauth2_token_id=1643955558&signature=f98704c60ebfe5095a3bcd034f99d64feb5bfce7cefa5f315b54e03ac2c6b2de,2023-11-21T16:13:46+00:00
886854054,hls,adaptive,video/mp4,,,240p,30.00663129973475,253798482,242.04MB,https://player.vimeo.com/external/886854054.m3u8?s=03cb566cfbe5b7aa205d68e23062ad8a162c65d9&oauth2_token_id=1643955558,2023-11-21T16:13:39+00:00
886822393,sd,540p,video/mp4,960,540,540p,30.00663129973475,244600700,233.27MB,https://player.vimeo.com/progressive_redirect/playback/886822393/rendition/540p/file.mp4?loc=external&oauth2_token_id=1643955558&signature=c22d36240c7fc3e895bdda75a6324f8b822719c9dceaaf3a5dc222c2aef79e7b,2023-11-21T12:43:35+00:00
886822393,sd,360p,video/mp4,640,360,360p,30.00663129973475,119556751,114.02MB,https://player.vimeo.com/progressive_redirect/playback/886822393/rendition/360p/file.mp4?loc=external&oauth2_token_id=1643955558&signature=f8badb70f00d6a88480f3da3fb465a541cb8be8608f519347e8aff10e865f8b4,2023-11-21T12:43:34+00:00
886822393,sd,240p,video/mp4,426,240,240p,30.00663129973475,63839790,60.88MB,https://player.vimeo.com/progressive_redirect/playback/886822393/rendition/240p/file.mp4?loc=external&oauth2_token_id=1643955558&signature=f5fef3de757210139581e9f4b8d4ce8cb5bc2c7787a05498ac3058687a3e1aaf,2023-11-21T12:43:32+00:00
886822393,hd,720p,video/mp4,1280,720,720p,30.00663129973475,323312032,308.33MB,https://player.vimeo.com/progressive_redirect/playback/886822393/rendition/720p/file.mp4?loc=external&oauth2_token_id=1643955558&signature=a71781277ebd6c90b76552f0c9dd0cf12bec67ab694e7dccb19d6b5d9fe2b61f,2023-11-21T12:43:34+00:00
886822393,hls,adaptive,video/mp4,,,540p,30.00663129973475,244600700,233.27MB,https://player.vimeo.com/external/886822393.m3u8?s=df8e3522323d7fa07c2bc6bfbe101601623914f2&oauth2_token_id=1643955558,2023-11-21T12:43:35+00:00
887645392,hd,720p,video/mp4,1280,720,720p,30,31512417,30.05MB,https://player.vimeo.com/progressive_redirect/playback/887645392/rendition/720p/file.mp4?loc=external&oauth2_token_id=1643955558&signature=648e09eef8e9b9acb422ea2044ab1feffdd014b226e5f2f4f4c2cabd145b08c2,2023-11-23T13:17:52+00:00
887645392,sd,360p,video/mp4,640,360,360p,30,19275989,18.38MB,https://player.vimeo.com/progressive_redirect/playback/887645392/rendition/360p/file.mp4?loc=external&oauth2_token_id=1643955558&signature=493ee558f2257bec13c1e4b03a745693b38e6aeb7587fac36e4b75cb7ea9d5bb,2023-11-23T13:17:32+00:00
887645392,sd,540p,video/mp4,960,540,540p,30,25795755,24.6MB,https://player.vimeo.com/progressive_redirect/playback/887645392/rendition/540p/file.mp4?loc=external&oauth2_token_id=1643955558&signature=9c30ae733a9c5cb92665d7f53f48fa8c25af39d16bb5581cfc7d7145e85d04c8,2023-11-23T13:18:20+00:00
887645392,sd,240p,video/mp4,426,240,240p,30,15734181,15.01MB,https://player.vimeo.com/progressive_redirect/playback/887645392/rendition/240p/file.mp4?loc=external&oauth2_token_id=1643955558&signature=4a6fed7856bba2ee4112a11ecb4e51177855c539b37a0122900f9b47916b884d,2023-11-23T13:18:27+00:00
887645392,hls,adaptive,video/mp4,,,720p,30,31512417,30.05MB,https://player.vimeo.com/external/887645392.m3u8?s=56730e0539a829a81088e71e30f5b1f02be46359&oauth2_token_id=1643955558,2023-11-23T13:17:52+00:00
887663008,sd,240p,video/mp4,426,240,240p,30.00663129973475,313125391,298.62MB,https://player.vimeo.com/progressive_redirect/playback/887663008/rendition/240p/file.mp4?loc=external&oauth2_token_id=1643955558&signature=fbaa5af9e85f50e26b14fd774d64254723f555df80a2bef95c325148c13f1ebf,2023-11-23T16:33:20+00:00
887663008,hd,720p,video/mp4,1280,720,720p,30.00663129973475,2382681016,2.22GB,https://player.vimeo.com/progressive_redirect/playback/887663008/rendition/720p/file.mp4?loc=external&oauth2_token_id=1643955558&signature=c47cd7a14aa20c55ad6a9d1e8f9a6bce6f3380e2c85e8384524e1447857eed2f,2023-11-23T16:34:28+00:00
887663008,sd,540p,video/mp4,960,540,540p,30.00663129973475,1526092555,1.42GB,https://player.vimeo.com/progressive_redirect/playback/887663008/rendition/540p/file.mp4?loc=external&oauth2_token_id=1643955558&signature=48876b257c99e405c6f170a34715d2a733f07fd08e0e6501de7368e0c185a5ac,2023-11-23T16:33:28+00:00
887663008,sd,360p,video/mp4,640,360,360p,30.00663129973475,550085492,524.6MB,https://player.vimeo.com/progressive_redirect/playback/887663008/rendition/360p/file.mp4?loc=external&oauth2_token_id=1643955558&signature=aa0cd58ab137a386c310aeddf393958d2744e5d502c71fcc015f5bfce954485b,2023-11-23T16:33:26+00:00
887663008,hls,adaptive,video/mp4,,,240p,30.00663129973475,313125391,298.62MB,https://player.vimeo.com/external/887663008.m3u8?s=c56ceb6af8af206390d9a6639ee426f39a2f0881&oauth2_token_id=1643955558,2023-11-23T16:33:20+00:00
888414880,hd,720p,video/mp4,1280,720,720p,30,918327746,875.79MB,https://player.vimeo.com/progressive_redirect/playback/888414880/rendition/720p/file.mp4?loc=external&oauth2_token_id=1643955558&signature=d02a738be62d56f6d4693704c72a4ce6f1f244a7852c39492522d560198ccc10,2023-11-26T13:56:57+00:00
888414880,sd,240p,video/mp4,426,240,240p,30,198300354,189.11MB,https://player.vimeo.com/progressive_redirect/playback/888414880/rendition/240p/file.mp4?loc=external&oauth2_token_id=1643955558&signature=6c013a40077c7e147a481f1f51da561b518866b31cdd1408a99594726681609b,2023-11-26T13:56:15+00:00
888414880,sd,360p,video/mp4,640,360,360p,30,316098278,301.45MB,https://player.vimeo.com/progressive_redirect/playback/888414880/rendition/360p/file.mp4?loc=external&oauth2_token_id=1643955558&signature=b851f59259656bb16b13258995cc345d660716b7b3cccc762e945769153ade1a,2023-11-26T13:56:51+00:00
888414880,sd,540p,video/mp4,960,540,540p,30,558046598,532.19MB,https://player.vimeo.com/progressive_redirect/playback/888414880/rendition/540p/file.mp4?loc=external&oauth2_token_id=1643955558&signature=0b972d6b15c54983fca539c05d4cc269368aba8c2a4b6a901e71f7855bfd9cee,2023-11-26T13:58:24+00:00
888414880,hls,adaptive,video/mp4,,,720p,30,918327746,875.79MB,https://player.vimeo.com/external/888414880.m3u8?s=4c48afc98964a5f1db5ed786eb304adafd427b81&oauth2_token_id=1643955558,2023-11-26T13:56:57+00:00
888421812,sd,240p,video/mp4,426,240,240p,30,15191913,14.49MB,https://player.vimeo.com/progressive_redirect/playback/888421812/rendition/240p/file.mp4?loc=external&oauth2_token_id=1643955558&signature=d112f9624bac5a455ec40ded608c69434d857bee4a4c4efbc249c838f50ec07d,2023-11-26T14:38:07+00:00
888421812,hd,720p,video/mp4,1280,720,720p,30,28276635,26.97MB,https://player.vimeo.com/progressive_redirect/playback/888421812/rendition/720p/file.mp4?loc=external&oauth2_token_id=1643955558&signature=868d477bd2b1a39aead69324b110c7a5148b8d280ab8f9331a9f1ab506f69e5c,2023-11-26T14:38:32+00:00
888421812,sd,540p,video/mp4,960,540,540p,30,23235629,22.16MB,https://player.vimeo.com/progressive_redirect/playback/888421812/rendition/540p/file.mp4?loc=external&oauth2_token_id=1643955558&signature=c3b79cf2316fd3964acac613be6356e7647ab0cdca9c361fea0f7e699906db39,2023-11-26T14:37:56+00:00
888421812,sd,360p,video/mp4,640,360,360p,30,18068285,17.23MB,https://player.vimeo.com/progressive_redirect/playback/888421812/rendition/360p/file.mp4?loc=external&oauth2_token_id=1643955558&signature=654d26ae4151875397e89178a01ed95f11e5b6de41642d4b227e5c74d8006e16,2023-11-26T14:38:05+00:00
888421812,hls,adaptive,video/mp4,,,240p,30,15191913,14.49MB,https://player.vimeo.com/external/888421812.m3u8?s=55121c7495e1e640358da81ae9da09c4d5385adf&oauth2_token_id=1643955558,2023-11-26T14:38:07+00:00
886092826,hd,1080p,video/mp4,1920,1080,1080p,30,210100439,200.37MB,https://player.vimeo.com/progressive_redirect/playback/886092826/rendition/1080p/file.mp4?loc=external&oauth2_token_id=1643955558&signature=39406aabb90a7ada8dcd428e92ff78a15a56ef39ae4f320e8fc47e8d41d3057b,2023-11-19T13:19:00+00:00
886092826,hd,720p,video/mp4,1280,720,720p,30,153348211,146.24MB,https://player.vimeo.com/progressive_redirect/playback/886092826/rendition/720p/file.mp4?loc=external&oauth2_token_id=1643955558&signature=6857a75fa0d76bd63218471b397562cea0b407a315117d6ce71083772a2245c6,2023-11-19T13:15:58+00:00
886092826,sd,240p,video/mp4,426,240,240p,30,81712544,77.93MB,https://player.vimeo.com/progressive_redirect/playback/886092826/rendition/240p/file.mp4?loc=external&oauth2_token_id=1643955558&signature=2472111947821ccf33ec6fef176794dfb6a307cec914dba9707fd759f6d45588,2023-11-19T13:15:55+00:00
886092826,sd,540p,video/mp4,960,540,540p,30,126948486,121.07MB,https://player.vimeo.com/progressive_redirect/playback/886092826/rendition/540p/file.mp4?loc=external&oauth2_token_id=1643955558&signature=376a3104659ff08b54ab58cfd068293d8437cf54140dcf9f076236ddf4a788cd,2023-11-19T13:15:51+00:00
886092826,sd,360p,video/mp4,640,360,360p,30,99234596,94.64MB,https://player.vimeo.com/progressive_redirect/playback/886092826/rendition/360p/file.mp4?loc=external&oauth2_token_id=1643955558&signature=a9c30cf000ed33fff984aa7828b172523097f67b0cd40cce1ef79825eef669e7,2023-11-19T13:15:33+00:00
886092826,hls,adaptive,video/mp4,,,1080p,30,210100439,200.37MB,https://player.vimeo.com/external/886092826.m3u8?s=40e17c8a3c28a048b250ce3faece2bbdeeec393f&oauth2_token_id=1643955558,2023-11-19T13:19:00+00:00
886355650,sd,540p,video/mp4,960,540,540p,30,63958341,61MB,https://player.vimeo.com/progressive_redirect/playback/886355650/rendition/540p/file.mp4?loc=external&oauth2_token_id=1643955558&signature=6d3cfb305225a27e56d644ad58de00ad760d5d087e6ae95da8eb472d9d1657ae,2023-11-20T08:08:37+00:00
886355650,hd,1080p,video/mp4,1920,1080,1080p,30,99681580,95.06MB,https://player.vimeo.com/progressive_redirect/playback/886355650/rendition/1080p/file.mp4?loc=external&oauth2_token_id=1643955558&signature=7da813ae437804a351eeedd2a224fa2ee2de13759d53ecd28e66ea66f3c0ee1a,2023-11-20T08:10:53+00:00
886355650,hd,720p,video/mp4,1280,720,720p,30,72041207,68.7MB,https://player.vimeo.com/progressive_redirect/playback/886355650/rendition/720p/file.mp4?loc=external&oauth2_token_id=1643955558&signature=3379f3c92ec8355522b78334d712e9d6bb0c2a3419684900afe3254a9c24d590,2023-11-20T08:08:51+00:00
886355650,sd,360p,video/mp4,640,360,360p,30,50630068,48.28MB,https://player.vimeo.com/progressive_redirect/playback/886355650/rendition/360p/file.mp4?loc=external&oauth2_token_id=1643955558&signature=a0c226d3ad94c4e07ad9db46c5f678c7d3e41d9c495ebd19fc7627fca89cd5e5,2023-11-20T08:07:47+00:00
886355650,sd,240p,video/mp4,426,240,240p,30,42760420,40.78MB,https://player.vimeo.com/progressive_redirect/playback/886355650/rendition/240p/file.mp4?loc=external&oauth2_token_id=1643955558&signature=3610bc816b5470a53fbca91bf8b02ae01fd3fa4150f41504b2fb61f813fd07fe,2023-11-20T08:07:51+00:00
886355650,hls,adaptive,video/mp4,,,540p,30,63958341,61MB,https://player.vimeo.com/external/886355650.m3u8?s=21c886ba298571f336e2e5636e71f017e83db7a1&oauth2_token_id=1643955558,2023-11-20T08:08:37+00:00
888363621,hd,720p,video/mp4,1280,720,720p,30,73158055,69.77MB,https://player.vimeo.com/progressive_redirect/playback/888363621/rendition/720p/file.mp4?loc=external&oauth2_token_id=1643955558&signature=84c2a7c9b671a9a13493bb74aefff3873f2587febddaa83adda6a3a7e6b91312,2023-11-26T06:56:29+00:00
888363621,sd,240p,video/mp4,426,240,240p,30,44210957,42.16MB,https://player.vimeo.com/progressive_redirect/playback/888363621/rendition/240p/file.mp4?loc=external&oauth2_token_id=1643955558&signature=13d22f08e8c0c8659892b6b470f0ce07d8c592294c8a122194ac91670308ca86,2023-11-26T06:54:55+00:00
888363621,hd,1080p,video/mp4,1920,1080,1080p,30,101286934,96.59MB,https://player.vimeo.com/progressive_redirect/playback/888363621/rendition/1080p/file.mp4?loc=external&oauth2_token_id=1643955558&signature=4b6073ffe1f6c97989470b34d4992fd61a3e3f1f5d14210e837143e9646ca90c,2023-11-26T06:55:44+00:00
888363621,sd,360p,video/mp4,640,360,360p,30,52092282,49.68MB,https://player.vimeo.com/progressive_redirect/playback/888363621/rendition/360p/file.mp4?loc=external&oauth2_token_id=1643955558&signature=4c48e1733fd7447f98d2e1562c173747faf1a23d7a1b68320cd677f2838b16d5,2023-11-26T06:56:13+00:00
888363621,sd,540p,video/mp4,960,540,540p,30,65163595,62.14MB,https://player.vimeo.com/progressive_redirect/playback/888363621/rendition/540p/file.mp4?loc=external&oauth2_token_id=1643955558&signature=4bac20a1f533fa37a095239dceeb10883a70cf5896b452a374ad10fa0901f12e,2023-11-26T06:55:59+00:00
888363621,hls,adaptive,video/mp4,,,720p,30,73158055,69.77MB,https://player.vimeo.com/external/888363621.m3u8?s=76f560387a7f04954a41dcc762578b3f4880408d&oauth2_token_id=1643955558,2023-11-26T06:56:29+00:00
888381239,hd,720p,video/mp4,1280,720,720p,30,157920936,150.61MB,https://player.vimeo.com/progressive_redirect/playback/888381239/rendition/720p/file.mp4?loc=external&oauth2_token_id=1643955558&signature=e5eb70ab4b3cf981b91b25dc0e7ff950ef9afbc97c56ebe4eb79b63dd5184c08,2023-11-26T10:14:56+00:00
888381239,sd,240p,video/mp4,426,240,240p,30,89554947,85.41MB,https://player.vimeo.com/progressive_redirect/playback/888381239/rendition/240p/file.mp4?loc=external&oauth2_token_id=1643955558&signature=65407c12c7fac1a992c16b96ebc00a834e1e507f43b54d7d578ea0b8a2896c3f,2023-11-26T10:15:03+00:00
888381239,sd,540p,video/mp4,960,540,540p,30,131364930,125.28MB,https://player.vimeo.com/progressive_redirect/playback/888381239/rendition/540p/file.mp4?loc=external&oauth2_token_id=1643955558&signature=719f5727835162c234a1ff4c8fa45d4e6b637947fbe7e10e4110e6ab7cc09fb4,2023-11-26T10:13:35+00:00
888381239,sd,360p,video/mp4,640,360,360p,30,105485237,100.6MB,https://player.vimeo.com/progressive_redirect/playback/888381239/rendition/360p/file.mp4?loc=external&oauth2_token_id=1643955558&signature=2cd3de6df96bafa28e43dbdd3923d90f817e23f5f2e34cd3efd9f3e815699dc3,2023-11-26T10:18:44+00:00
888381239,hd,1080p,video/mp4,1920,1080,1080p,30,204912047,195.42MB,https://player.vimeo.com/progressive_redirect/playback/888381239/rendition/1080p/file.mp4?loc=external&oauth2_token_id=1643955558&signature=cb1786cc11aaa52f29390c42803653250584361adc5e089e4b12c27094e999f1,2023-11-26T10:16:52+00:00
888381239,hls,adaptive,video/mp4,,,720p,30,157920936,150.61MB,https://player.vimeo.com/external/888381239.m3u8?s=503c13b90142388fafec0aaf908772d5c3e69a9c&oauth2_token_id=1643955558,2023-11-26T10:14:56+00:00
888393465,sd,360p,video/mp4,640,360,360p,30,198050046,188.88MB,https://player.vimeo.com/progressive_redirect/playback/888393465/rendition/360p/file.mp4?loc=external&oauth2_token_id=1643955558&signature=42a1a52cea89ea997b54a7aa9c17a4d307effeae3b8992144af5d04c7b892f68,2023-11-26T11:28:09+00:00
888393465,sd,240p,video/mp4,426,240,240p,30,163924991,156.33MB,https://player.vimeo.com/progressive_redirect/playback/888393465/rendition/240p/file.mp4?loc=external&oauth2_token_id=1643955558&signature=4f48e745a8b9fc870ff3f09d8e4db615bb6579490a4204e39a5de8e594b3b4ce,2023-11-26T11:27:40+00:00
888393465,hd,1080p,video/mp4,1920,1080,1080p,30,407599407,388.72MB,https://player.vimeo.com/progressive_redirect/playback/888393465/rendition/1080p/file.mp4?loc=external&oauth2_token_id=1643955558&signature=40d4615a8f5b4a9ccdeb2b2a920229a647bc22d1d296e9808972e2e19c4349e5,2023-11-26T11:31:23+00:00
888393465,sd,540p,video/mp4,960,540,540p,30,252499850,240.8MB,https://player.vimeo.com/progressive_redirect/playback/888393465/rendition/540p/file.mp4?loc=external&oauth2_token_id=1643955558&signature=0df11bacc0ceea2477bee2fdb8c7f3885dc6d3697005b5dc1c170770f9974491,2023-11-26T11:29:28+00:00
888393465,hd,720p,video/mp4,1280,720,720p,30,309185564,294.86MB,https://player.vimeo.com/progressive_redirect/playback/888393465/rendition/720p/file.mp4?loc=external&oauth2_token_id=1643955558&signature=fb04f95dd5836037efa72354eb9641f2d1e7c3a9ac9dcc1f567eae5453698dbe,2023-11-26T11:29:23+00:00
888393465,hls,adaptive,video/mp4,,,360p,30,198050046,188.88MB,https://player.vimeo.com/external/888393465.m3u8?s=15b83bb5d2b05c6d58ab8fae164151206f063f60&oauth2_token_id=1643955558,2023-11-26T11:28:09+00:00
888414880,hd,720p,video/mp4,1280,720,720p,30,918327746,875.79MB,https://player.vimeo.com/progressive_redirect/playback/888414880/rendition/720p/file.mp4?loc=external&oauth2_token_id=1643955558&signature=d02a738be62d56f6d4693704c72a4ce6f1f244a7852c39492522d560198ccc10,2023-11-26T13:56:57+00:00
888414880,sd,240p,video/mp4,426,240,240p,30,198300354,189.11MB,https://player.vimeo.com/progressive_redirect/playback/888414880/rendition/240p/file.mp4?loc=external&oauth2_token_id=1643955558&signature=6c013a40077c7e147a481f1f51da561b518866b31cdd1408a99594726681609b,2023-11-26T13:56:15+00:00
888414880,sd,360p,video/mp4,640,360,360p,30,316098278,301.45MB,https://player.vimeo.com/progressive_redirect/playback/888414880/rendition/360p/file.mp4?loc=external&oauth2_token_id=1643955558&signature=b851f59259656bb16b13258995cc345d660716b7b3cccc762e945769153ade1a,2023-11-26T13:56:51+00:00
888414880,sd,540p,video/mp4,960,540,540p,30,558046598,532.19MB,https://player.vimeo.com/progressive_redirect/playback/888414880/rendition/540p/file.mp4?loc=external&oauth2_token_id=1643955558&signature=0b972d6b15c54983fca539c05d4cc269368aba8c2a4b6a901e71f7855bfd9cee,2023-11-26T13:58:24+00:00
888414880,hls,adaptive,video/mp4,,,720p,30,918327746,875.79MB,https://player.vimeo.com/external/888414880.m3u8?s=4c48afc98964a5f1db5ed786eb304adafd427b81&oauth2_token_id=1643955558,2023-11-26T13:56:57+00:00
888009161,hd,720p,video/mp4,1280,720,720p,30.00663129973475,1288692961,1.2GB,https://player.vimeo.com/progressive_redirect/playback/888009161/rendition/720p/file.mp4?loc=external&oauth2_token_id=1643955558&signature=000e42ffa21bb753166c2b7336140b7815bd2bb9ae10f9181d0332d3fa36ece7,2023-11-24T16:04:30+00:00
888009161,sd,540p,video/mp4,960,540,540p,30.00663129973475,824669327,786.47MB,https://player.vimeo.com/progressive_redirect/playback/888009161/rendition/540p/file.mp4?loc=external&oauth2_token_id=1643955558&signature=38061b4b251d25b4cc81f2ff7abcc7132fcfb956a145a773974eaff44399b9ca,2023-11-24T16:04:11+00:00
888009161,sd,360p,video/mp4,640,360,360p,30.00663129973475,297277739,283.51MB,https://player.vimeo.com/progressive_redirect/playback/888009161/rendition/360p/file.mp4?loc=external&oauth2_token_id=1643955558&signature=219aa5e19847826ff2ff62e5dcb31fba5c43f09e81d403b8c6fd4170fa29f6f7,2023-11-24T16:04:03+00:00
888009161,sd,240p,video/mp4,426,240,240p,30.00663129973475,169178355,161.34MB,https://player.vimeo.com/progressive_redirect/playback/888009161/rendition/240p/file.mp4?loc=external&oauth2_token_id=1643955558&signature=9cf0d82700418cd790bb31f090a4fabfa0c598c16eed1b50db84d91c25ee9861,2023-11-24T16:03:59+00:00
888009161,hls,adaptive,video/mp4,,,720p,30.00663129973475,1288692961,1.2GB,https://player.vimeo.com/external/888009161.m3u8?s=28697058e28723dc58750f66582047875235182b&oauth2_token_id=1643955558,2023-11-24T16:04:30+00:00
874515357,hd,720p,video/mp4,1280,720,720p,30,1588453477,1.48GB,https://player.vimeo.com/progressive_redirect/playback/874515357/rendition/720p/file.mp4?loc=external&oauth2_token_id=1643955558&signature=284b41867da3340c8b29ee9118f56fca7afafbc36b1779844c25f7632fa0d3cc,2023-10-15T14:50:09+00:00
874515357,hd,1080p,video/mp4,1920,1080,1080p,30,2958251522,2.76GB,https://player.vimeo.com/progressive_redirect/playback/874515357/rendition/1080p/file.mp4?loc=external&oauth2_token_id=1643955558&signature=4b90abb2b013b574317ff2d33ee13c9134c0bb18b7396f1354302ecba42ab8f3,2023-10-15T14:51:01+00:00
874515357,sd,540p,video/mp4,960,540,540p,30,1020831955,973.54MB,https://player.vimeo.com/progressive_redirect/playback/874515357/rendition/540p/file.mp4?loc=external&oauth2_token_id=1643955558&signature=b05d9afc974f6a67db015e70ca1e62ecf31925394ad3095ced084f71d070e48d,2023-10-15T14:50:08+00:00
874515357,sd,240p,video/mp4,426,240,240p,30,209346539,199.65MB,https://player.vimeo.com/progressive_redirect/playback/874515357/rendition/240p/file.mp4?loc=external&oauth2_token_id=1643955558&signature=488fa8bf8ca2b49372ca217901f76ffa4294d961394e1e1d887d3670da9c6ed0,2023-10-15T14:49:49+00:00
874515357,sd,360p,video/mp4,640,360,360p,30,367634139,350.6MB,https://player.vimeo.com/progressive_redirect/playback/874515357/rendition/360p/file.mp4?loc=external&oauth2_token_id=1643955558&signature=20f9ea7ffb8c672a54f025ec7b94e8ed95b1af13b26d8e73cbc168cd48632d34,2023-10-15T14:49:58+00:00
874515357,hls,adaptive,video/mp4,,,720p,30,1588453477,1.48GB,https://player.vimeo.com/external/874515357.m3u8?s=0111e08e41d8a089a8b39acd9801a64b4e723824&oauth2_token_id=1643955558,2023-10-15T14:50:09+00:00
876843379,sd,240p,video/mp4,426,240,240p,30,225467764,215.02MB,https://player.vimeo.com/progressive_redirect/playback/876843379/rendition/240p/file.mp4?loc=external&oauth2_token_id=1643955558&signature=6e97805192c3737f069e471b4ec8c9cfe7eaa10aa059e97e61c3fb030950ae6e,2023-10-22T15:43:57+00:00
876843379,source,source,video/mp4,1920,1080,source,29.999335635531402,6569592343,6.12GB,https://player.vimeo.com/progressive_redirect/playback/876843379/rendition/source/file.mp4?loc=external&oauth2_token_id=1643955558&signature=398052d6823e566f514e1162645b49adbb503c2aaa93e61d16a96a9b9c2d82a1,2023-10-22T15:36:39+00:00
876843379,hd,1080p,video/mp4,1920,1080,1080p,30,1653881722,1.54GB,https://player.vimeo.com/progressive_redirect/playback/876843379/rendition/1080p/file.mp4?loc=external&oauth2_token_id=1643955558&signature=b0e0de11ebe2ab7923c6fdcb0b23150df1554fea73021c620e4980fa907bea9f,2023-10-22T15:45:57+00:00
876843379,sd,540p,video/mp4,960,540,540p,30,605311898,577.27MB,https://player.vimeo.com/progressive_redirect/playback/876843379/rendition/540p/file.mp4?loc=external&oauth2_token_id=1643955558&signature=32f10f3d6fe7f0ce81d4347dfe393bf11c3a7d9ec8bee46c1a4b6df391a44b32,2023-10-22T15:43:20+00:00
876843379,sd,360p,video/mp4,640,360,360p,30,356853394,340.32MB,https://player.vimeo.com/progressive_redirect/playback/876843379/rendition/360p/file.mp4?loc=external&oauth2_token_id=1643955558&signature=2c2b2d491f73dbe574bab6fbfee5fdb192296dd37d2d8cff8fb718b97c39ee66,2023-10-22T15:43:17+00:00
876843379,hd,720p,video/mp4,1280,720,720p,30,863285805,823.29MB,https://player.vimeo.com/progressive_redirect/playback/876843379/rendition/720p/file.mp4?loc=external&oauth2_token_id=1643955558&signature=cdcfdb9a53b4fa08fd5fd6493114af1805079cf447781373dc5472f0ec8cb45b,2023-10-22T15:45:44+00:00
876843379,hls,adaptive,video/mp4,,,240p,30,225467764,215.02MB,https://player.vimeo.com/external/876843379.m3u8?s=ffada5bd96fbf3c49a0d0c89da7f96c3d958c249&oauth2_token_id=1643955558,2023-10-22T15:43:57+00:00
879153088,sd,360p,video/mp4,640,360,360p,30,292981976,279.41MB,https://player.vimeo.com/progressive_redirect/playback/879153088/rendition/360p/file.mp4?loc=external&oauth2_token_id=1643955558&signature=9041224d4f77c6e6f23b59299319f3a7643e51a8b71308e37474ba0026b424c6,2023-10-29T16:42:32+00:00
879153088,sd,540p,video/mp4,960,540,540p,30,458995244,437.73MB,https://player.vimeo.com/progressive_redirect/playback/879153088/rendition/540p/file.mp4?loc=external&oauth2_token_id=1643955558&signature=37ec8fd94f703318b92d14b91696a05089a281e3f68711c929691337f7f6fa50,2023-10-29T16:38:32+00:00
879153088,sd,240p,video/mp4,426,240,240p,30,203951462,194.5MB,https://player.vimeo.com/progressive_redirect/playback/879153088/rendition/240p/file.mp4?loc=external&oauth2_token_id=1643955558&signature=bf4c818a3c903623029ac58c5555fc2f8b8c3d87a358cfee8b04391ec69a8ebf,2023-10-29T16:38:19+00:00
879153088,hd,720p,video/mp4,1280,720,720p,30,706659790,673.92MB,https://player.vimeo.com/progressive_redirect/playback/879153088/rendition/720p/file.mp4?loc=external&oauth2_token_id=1643955558&signature=67ee42566db32e6badffd93893cac00e430796ba3b762273e3b34d71901886c8,2023-10-29T16:40:16+00:00
879153088,hls,adaptive,video/mp4,,,360p,30,292981976,279.41MB,https://player.vimeo.com/external/879153088.m3u8?s=b961891e28f629f44fa88be7063a9b091b24db39&oauth2_token_id=1643955558,2023-10-29T16:42:32+00:00
888378957,sd,360p,video/mp4,598,360,360p,29.208,59598613,56.84MB,https://player.vimeo.com/progressive_redirect/playback/888378957/rendition/360p/file.mp4?loc=external&oauth2_token_id=1643955558&signature=63552fca3d60ed2286271adc921655c3aff25e1a818b8da31483d4541d3e1a2b,2023-11-26T09:23:49+00:00
888378957,sd,240p,video/mp4,398,240,240p,29.208,50375977,48.04MB,https://player.vimeo.com/progressive_redirect/playback/888378957/rendition/240p/file.mp4?loc=external&oauth2_token_id=1643955558&signature=4c4be4a3dff65cebd051c509deb7c930ee872b014bb5e7ca761a0f5d80b86cbf,2023-11-26T09:23:59+00:00
888378957,sd,540p,video/mp4,854,514,540p,29.208,71408675,68.1MB,https://player.vimeo.com/progressive_redirect/playback/888378957/rendition/540p/file.mp4?loc=external&oauth2_token_id=1643955558&signature=c0e4d4f761c3a6bdbf01e3ee4e0267efd4a182fa531f8eaac84bcc0a73b8e7e7,2023-11-26T09:25:25+00:00
888378957,hls,adaptive,video/mp4,,,360p,29.208,59598613,56.84MB,https://player.vimeo.com/external/888378957.m3u8?s=00fc43e2a79e782a9d8c321b4db02ef89403d25b&oauth2_token_id=1643955558,2023-11-26T09:23:49+00:00
